Id,indegree,outdegree
MEDEIROS Tiago Vidal,0,0
AARÃO REIS Daniel,0,0
SILVA Natanael de Freitas,0,0
ASSIS Eduardo Moreira,0,0
ABELOVE Henry,0,0
BRANDÃO Renata Rodrigues,0,0
JESUS Cassiano Celestino,0,0
KUMPERA Julia Aleksandra Martucci,0,0
ROCHA Cassio Bruno de Araujo,0,0
SANTOS Daniel Barbosa dos,0,0
SOUZA Mariana Barbosa,0,0
VIANNA Eliza da Silva,0,0
ABOIM Sofia,0,0
VIEIRA Kyara Maria de Almeida,0,0
CORREA Ester Candida,0,0
ABRAMOVAY Miriam,0,0
SILVA Tiago Vidal da,0,0
AGUIAR Juno Nedel Mendes de,0,0
ABREU Alzira Alves de,0,0
BORTOLON Flavia,0,0
LIRA Jefferson Maciel,0,0
REIS Gabbiana Clamer Fonseca Falavigna dos,0,0
CARDOSO Guilherme da Silva,0,0
ABREU Caio Fernando,1,0
DALLASTA Rodrigo Bonatto,0,0
GOMES Elisa Mariana de Medeiros Nobrega,0,0
NASCIMENTO Cicera Maria castro do,0,0
NASCIMENTO Dilene Raimundo,2,79
RODRIGUES Rita de Cassia Colaco,0,0
SILVA Walber Ferreira da,0,0
SOUSA NETO Miguel Rodrigues de,0,0
SOUZA Italo Cristiano Silva e,0,0
VASCONCELOS Osvaldo,0,0
JESUS Iara da Silva,0,0
ABREU João Capistrano de,0,0
GOMES Veronica de Jesus,0,0
LIMA Wallas Jefferson de,0,0
SILVA Ronaldo Manoel da,0,0
VIANA JR Mario Martins,0,0
DIAS Claudio Jose Piotrovski,0,0
ABREU João Francisco,0,0
QUEIROZ Marcos Tadeu Pereira de,0,0
ANDRADE Marciano Vieira,0,0
ABREU Manoel,1,0
MAIOR JR Paulo Roberto Souto,0,0
ABREU Márcia,0,0
NASCIMENTO Anne Raquel da Silva,0,0
NOBREGA Isabela Silva,0,0
FERREIRA Tiago da Silva,0,0
ABREU Martha,1,0
NASCIMENTO Álvaro Pereira,1,51
SOARES Bruno Cesar Brulon,0,0
BRITO Alexandre Magno Maciel Costa e,0,0
GALLINA Justina Franchi,0,0
GONCALVES Jose Claudio Leoncio,0,0
GOMES JR João,0,0
ABREU Maurício de Almeida,1,0
CORREA William Bruno,0,0
ABREU Nuno César Pereira de,0,0
COSTA Gerferson Damasceno,0,0
SILVA Fabio Ronaldo da,0,0
AMARILLO Claudia Patricia Rivera,0,0
ABUD Katia Maria,0,0
MEDEIROS Talita Goncalves,0,0
CUEVAS Clara Eliana,0,0
ACHA Omar,0,0
PINTO Rhanielly Pereira do Nascimento,0,0
MARTINELLI Leonardo da Silva,0,0
ACHARD Pierre,0,0
SELEM Maria Celia Orlato,0,0
AFONSO Ana Paula Jardim Martins,0,0
ADELMAN Miriam,0,0
MARIUSSO Victor Hugo da Silva Gomes,0,0
SANTOS Fernanda Cassia dos,0,0
TOLEDO Eliza Teixeira de,0,0
AFONSO Pablo Andrade,0,0
ADICHIE Chimamanda Ngozi,0,0
DAVI Edmar Henrique D,0,0
ADORNO Sérgio,0,0
KOREN Jonas Christmann,0,0
BARATA Germana Fernandes,0,0
ADORNO Theodor,0,0
MARTINS Carla Cristina Siqueira,0,0
MOTA Frederico Alves,0,0
NOGUEIRA Joanna Ribeiro,0,0
PETERS Carlos Eduardo Marotta,0,0
CASTRO Alana Albuquerque de,0,0
ADRIÃO Karla Galvão,0,0
SANTOS Paulo Henrique Souza dos,0,0
AESCHINES,0,0
AGAMBEN Giorgio,0,0
AMORIM Graziele Regina de,0,0
AZEVEDO Gleice LInhares de,0,0
CARNEIRO Aílton José dos Santos,0,0
MACHADO José Wellington de Oliveira Machado,0,0
MAIA Renata Santos,0,0
MALINSKI Andre Americano,0,0
MELO Kelyel Fortes de Resende,0,0
NUNES Kauan Amora,0,0
OLIVEIRA JR Alcidesio de,0,0
RAMOS Jeferson,0,0
RIBAS Jorge Luiz Teixeira,0,0
SILVA Aline Nawara Cintra,0,0
SILVA Camila Diane,0,0
SILVA Gustavo Henrique Ramos,0,0
SOARES Anderson da Silva,0,0
TAVOLARO José Eduardo Matos,0,0
TROVAO Flavio Vilas-Boas,0,0
AGGLETON Peter,0,0
SILVA Sandro Coutinho da,0,0
AZEVEDO Ciro Linhares de,0,0
AGRA DO Ó Alarcon,0,0
MEDEIROS Lucas,0,0
HENRIQUES Adolfo Veiller Souza,0,0
AGRA Giscard Farias,0,0
AGUIAR Asdrúbal António de,0,0
CARVALHO Marilia Miranda Alves,0,0
AGUIAR Flávio,0,0
GIMENEZ Mariana Quadros,0,0
PEREIRA Joao Lenon Siqueira,0,0
TEDESCO Caio de Souza,0,0
AHMED Sara,0,0
FRANCA Nayla Flavianne Borges Carvalho,0,0
AKOTIRENE Carla,0,0
BARBOSA Camila Nadedja Teixeira,0,0
BARRETO Juliano Bezerra de Menezes,0,0
DONINI Barbara Brognoli,0,0
NASCIMENTO Renan de Souza,0,0
PAIVA Ludmila Soares,0,0
SANTOS Raian Souza,0,0
VIEIRA Adriana Fraga,0,0
ALBERTI Verena,0,0
ARRUDA Guilherme Lima de Arruda,0,0
BRANDAO Fagner Alves Moreira,0,0
BRITO Paulo Henrique de,0,0
CARVALHO Mozart Matheus de Andrade,0,0
FERREIRA Matheus Yago Gomes,0,0
FREITAS Randas Gabriel Aguiar,0,0
LIMA Michele Pires,0,0
OLIVEIRA Augusta da Silveira de,0,0
PINTO Matheus Rodrigues,0,0
ROSSELLI Gabriela Brum,0,0
SANTOS Rafael Franca Goncalves dos,0,0
SILVA Jefferson Luiz Balbino Lourenço da,0,0
SILVA Josean Ricardo de Souza e,0,0
SILVA Rafaella de Sousa,0,0
SILVEIRA NETO Adilio Luiz da,0,0
SOUSA Luana Neres de,0,0
VERAS Elias Ferreira,0,0
ALBIERI Sara,0,0
SANTOS Leonardo Stabele,0,0
PEREIRA Cristiane dos Santos,0,0
ALBIN Ricardo Cravo,0,0
ALBUQUERQUE JR Durval Muniz de,0,0
ARAÚJO João Diogo Trindade Cordeiro,0,0
ARAUJO Patrícia Simone,0,0
BISPO Daniana de Oliveira,0,0
DUARTE Daniel Vital Silva,0,0
FLAUAUS Vinicius Melo,0,0
GONCALVES Alisson,0,0
LINS Rivelynno da Costa,0,0
MACAO Izabel Rizzi,0,0
NICOLAU Marcio Almeida,0,0
OLIVEIRA Rosana Medeiros de,0,0
PEREIRA Romulo Medeiros,0,0
PEREIRA Veronica Figueiredo,0,0
QUEIROZ Igor Henrique Lopes de,0,0
RIBEIRO JR Benedito Inacio,0,0
SALDANHA Rafael Araujo,0,0
SAMPAIO Filipe de Jesus,0,0
SANTOS Helio Secretario dos,0,0
SILVA Adjefferson Vieira Alves da,0,0
SILVA Laercio Theodoro da,0,0
SILVA Sandro Jose da,0,0
SOUZA Paulo Vitor Guedes de,0,0
ALBUQUERQUE Wlamyra Ribeiro,0,0
ALDRICH Robert,0,0
SILVA Filipe Noe da,0,0
ALENCAR Gedeon,0,0
MARANHAO Du Flor Meinberg,0,0
ALENCAR José de,0,0
ALENCASTRO Luiz Felipe,1,0
PERALTA Antonio Carlos Lopes,0,41
CARDOSO Policleiton Rodrigues,0,0
ALGRANTI Leila Mezam,0,0
NAPOLITANO Minisa Nogueira,0,0
ALGRANTI Leila Mezan,0,0
GAMA Elizabeth Castelano,0,0
ALMADA Sandra,0,0
ALMEIDA Amylton de,0,0
ALMEIDA Angela Mendes de,0,0
ALMEIDA Carla Maria Carvalho,0,0
ALMEIDA Fábio Chang de,0,0
ALMEIDA Fortunato de,0,0
ALMEIDA Glaucia Elaine Silva,0,0
SANTOS Patricia Lessa dos,0,0
ALMEIDA Guilherme,0,0
AZEVEDO Rafaela Costa de,0,0
LEAL Camilla,0,0
ALMEIDA Heloisa Buarque de,0,0
GODOY Fabricio Sparvoli,0,0
BELMONTE Pilar Rodriguez,0,0
ALMEIDA José Ricardo Pires de,0,0
GOMES Aline Ferreira,0,0
ALMEIDA Juniele Rebêlo de,0,0
FERRAZ Maria Cruz,0,0
ALMEIDA Maria Hermínia Tavares de,0,0
SILVA Jaine Chianca da,0,0
ALMEIDA Maria Isabel Gomes de,0,0
ALMEIDA Maria Regina Celestino de,0,0
BARROS Bruna Aparecida,0,0
ALMEIDA Maria Rita,0,0
LORENZONI Andre Luis,0,0
ALMEIDA Miguel Vale de,0,0
GOMES Mauricio Pereira,0,0
LOPES Fernando Jose,0,0
ALMEIDA Néri,0,0
FREITAS JR Renilson Pereira de,0,0
ALMEIDA Ronaldo de,1,0
SOLEDADE Alisson Cruz,0,0
ALMEIDA Silvio Luiz de,0,0
PAZ Thaís Terezinha,0,0
ALMODÓVAR Pedro,0,0
ALONSO Angela,0,0
GONÇALVES Maria Angela Gomes,0,0
SILVA Naylla Oliveira da,0,0
SILVEIRA Guilherme Pontes,0,0
SOBRAL Thasio Fernandes,0,0
NUNES Julia Ronai Porto,0,0
ALÓS Anselmo Peres,0,0
ALTHAUS-REID Marcella,0,0
ALTMAN Dennis,2,0
VITIELLO Gabriel Natal Botelho,0,0
ZAQUIEU Ana Paula Vianna,0,51
ASSUMPCAO Andreia dos S B M de,0,0
ALTMANN Helena,0,0
MACHADO JR Sergio da Silva,0,0
ÁLVAREZ Fernando Bouza,0,0
ALVAREZ Marcos César,0,0
LIMA Rodrigo Ramos,0,0
ALVAREZ Sônia,0,0
ALVES Branca Moreira,0,0
CARDOZO Leidy Carolina Diaz,0,0
NOGUEIRA Nadia Cristina,0,0
ALVES Flavio,0,0
ALVES Hailey,0,0
ALVES José Eustáquio Diniz,0,0
ALVES Maria Helena Moreira,0,0
ALVES Paula,0,0
ALVES Paulo César,0,0
ALVES Zedequias,0,0
AMARAL Darwin Santiago,0,0
ALVITO Marcos,0,0
AMADO Janaína,0,0
BATISTA Ana Cecilia Pereira,0,0
HIRATA Gabriel Tadashi,0,0
MONTEIRO Johnnatan David Bia,0,0
NUNES Anderson Cruz,0,0
OCANHA Rafael Freitas,0,0
AMADO Jorge,1,0
AMANCIO I M S,0,0
AMANCIO Izzie Madalena Santos,0,0
AMANCIO Tunico,0,0
AMANTINO Márcia,0,0
SILVA Claudielle Pavão da,0,0
AMARAL Ana Luísa,0,0
AMARAL Maria Adelaide,0,0
AMARAL Marília dos Santos,0,0
AMARAL Muriel Emídio Pessoa,0,0
COSTA Geovane Batista da,0,0
AMARAL Rita,1,0
AMATO Gabriel,0,0
AMORIM Graziele Regina,0,0
ANDERSON Benedict,0,0
ANDERSON Perry,0,0
ANDRADE Augusto José,0,0
ANDRADE Luma Nogueira de,0,0
ANDRADE Mário de,0,0
CANABARRO Ronald,0,0
ANDRADE Marta Mega,0,0
CORDEIRO Luiz Henrique Bonifacio,0,0
LEITE Letticia Batista Rodrigues,0,0
ROMERO Sheila R,0,0
ANGELO Vitor Amorim de,0,0
ANJOS Gabriele dos,0,0
AGUIAR JR Fernando Domingos de,0,0
ANKERSMIT Franklin R,0,0
ANSART Pierre,0,0
ANTUNES Cátia,0,0
ANTUNES José Leopoldo Ferreira,1,0
GOUVEIA Vanessa Alves,0,0
SILVA Redson dos Santos,0,0
ANTUNES Pedro Paulo Sammarco,0,0
ANTUNES Ricardo,0,0
ANZALDÚA Glória,0,0
AQUINO Maria Aparecida,0,0
AQUINO Tathiane Araújo,0,0
ARÁN Márcia,0,0
ARANHA Gervásio Batista,0,0
ARANTES Antonio,0,0
ARANTES Maria Auxiliadora,0,0
ARAÚJO Emanuel,0,0
ARAÚJO Eronides Câmara,0,0
ARAÚJO Inês Lacerda,0,0
ARAÚJO JR José Carlos,0,0
ARAÚJO Lucinha,0,0
ARAÚJO Maria,0,0
ARAÚJO Maria Luiza Macedo,0,0
ARAÚJO Maria Paula Nascimento,0,0
JATOBA Icaro,0,0
ARAÚJO Martinho Tota Filho Rocha,0,0
ARAUJO Paulo Cesar,0,0
ARAÚJO Rosa Maria Barbosa de,0,0
ARBEX Daniela,0,0
ARBEX JR José,0,0
CARNEIRO Hugo,0,0
ARENAS Reinaldo,1,0
MENDES Bruna Alves Carvalho,0,0
AREND Silvia Maria Fávero,0,0
PEREIRA Ronielyssom Cezar Souza,0,0
ARENDT Hannah,0,0
LEITE Isadora Damasceno Ribeiro,0,0
ARENZ Karl Heinz,0,0
ARFUCH Leonor,0,0
ARIAS NETO José Miguel,0,0
ARIÈS Philippe,4,0
BANDEIRA Marcio Leopoldo Gomes,0,0
DENIPOTI Cláudio,0,0
GUIMARAES Celeste Azenha,0,0
MUNIN Pietra Mello,0,0
OLIVEIRA Estevao Silva de,0,0
REIS Rachel Correia Lima,0,44
SILVA Clodoaldo Oliveira,0,0
ARILHA Margareth,0,0
ARISTÓFANES,0,0
ARISTOPHANE,0,0
ARISTÓTELES,0,0
KIBUUKA Brian Gordon Lutalo,0,0
ARISTOTLE,0,0
BACH Luanna Fernanda da Cruz,0,0
ARMSTRONG Karen,0,0
ARMUS Diego,0,0
RAMOS Lissandra Queiroga,0,0
ARNEY Lance,0,0
ARÓSTEGUI Julio,0,0
DEPIERI Caroline Stefany,0,0
ARRUDA Ângela,0,0
ARTAUD Antonin,0,0
ARTIÉRES Philippe,0,0
ASSIS Angelo Adriano Faria de,0,0
ASSIS Gláucia de Oliveira,0,0
ASSMANN Hugo,0,0
ASSMANN Selvino José,0,0
ASSUMPÇÃO JR Francisco B,0,0
ASSUMPÇÃO Leilah Landin,2,0
ASSUNÇÃO Aroldo,0,0
ASSUNÇÃO Paulo de,0,0
MERCES Filipe Santos das,0,0
ATWOOD Margareth,0,0
AUAD Daniela,0,0
AUAD Sylvia Maria,0,0
AUERBACH Erich,0,0
AUGÉ Marc,1,0
AUGRAS Monique,1,0
AUGUSTO Sérgio,0,0
AUMONT Jacques,0,0
AUSTIN John Langshaw,0,0
AVELAR Alexandre,0,0
GONCALVES Mateus Henrique Siqueira,0,0
AVELAR Suzana,0,0
ÀVILA Arthur Lima de,0,0
ÁVILA Eliana,0,0
ÁVILA Simone,0,0
AYMARD Maurice,0,0
AZEVEDO Aluísio,0,0
AZEVEDO Carlos Moreira,0,0
AZEVEDO Cecília,0,0
AZEVEDO João L㺣io de,0,0
AZEVEDO Kátia Teonia,0,0
LIMA Ana Claudia Teixeira de,0,0
AZEVEDO MARIN R E,0,0
AZEVEDO Sânzio,1,0
AZOULAY Vincent,0,0
AZZI Riolando,0,0
BACCHETTA Paola,0,0
BACELLAR Carlos,0,0
COSTA NETO Olavio Bento,0,0
BACHELARD Gaston,0,0
BACZKO Bronislaw,0,0
BADINTER Elisabeth,0,0
BAECQUE Antoine,0,0
BAGAGLI Beatriz,0,0
BAHIA Juarez,0,0
BAHIANA Ana Maria,0,0
BAKHTIN Mikhail,0,0
BALANDIER Georges,0,0
BALIEIRO Fernando,0,0
BALLESTRIN Luciana,0,0
BALTAR Mariana,0,0
CARDOSO Max Wesley Santos,0,0
BARALE Michèle Aina,0,0
PIACSEK Eduardo Guilherme,0,0
BARATTA Alessandro,0,0
BARBALHO Alexandre,0,0
BARBERO Graciela Haydée,0,0
BARBERO Jesús Martin,0,0
BARBIN Herculine,0,0
BARBO Daniel,0,0
BARBOSA Ana Mae,0,0
BARBOSA Bruno César,0,0
BARBOSA Daguimar,0,0
BARBOSA David Sampaio,0,0
BARBOSA Luanna,0,0
BARBOSA Marialva,0,0
BARBOSA Nelson Luís,0,0
BARBOSA R M,0,0
BARBOSA Regina Helena Simões,1,0
BARBOSA Regina Maria,0,0
SILVA Claudio Roberto da,0,0
SILVA Lauri Miranda,0,0
BARCA Isabel,0,0
BARDIN Laurence,0,0
TOMAZELLI Roni,0,0
BARNART Fabiano,0,0
BARRET-DUCROCQ François,0,0
BARRETO Andreia,0,0
BARRETO Victor Hugo de Souza,0,0
BARROS Gilda Naécia Maciel,0,0
BARROS Henrique Lins,0,0
BARROS José D' Assunção,1,0
BARROS JR Francisco,0,0
BARROS Patrícia Marcondes,0,0
BARROSO Fernando Luiz,0,0
BARTH Frederik,0,0
BARTHES Roland,0,0
PINTO Renato,0,0
BASCHET Jérôme,0,0
BASHFORD Alisson,0,0
BASTIDE Roger,1,0
BASTOS Cristiana,2,0
BASTOS Francisco Inácio,1,0
BASTOS Liliana Cabral,0,0
BASTOS Maria Helena Câmara,0,0
BASTOS Mário Jorge da Motta,0,0
BATAILLE Georges,0,0
BATALHA Claudio Henrique de Moraes,1,0
BAUDELAIRE Charles,0,0
BAUDRILLARD Jean-Luc,0,0
BAUDRY André,0,0
BAUER Martin W,0,0
BAUMAN Zigmunt,0,0
BAZÁN Osvaldo,0,0
BAZIN André,0,0
BEATTIE Peter M,1,0
BEAUVOIR Simone de,0,0
BATISTA Leticia Emilia,0,0
BECK Ulrich Risk,0,0
BECKER Howard S,0,0
COSTA Rogério da Silva Martins da,0,0
BEEMYN Genny,0,0
BEJEL Emílio,0,0
BÉJIN André,1,0
BELLINI Lígia,0,0
GOMES Fabio da Silva,0,0
BELLOTO Heloísa Liberalli,0,0
BELLOTTI Karina Kosicki,0,0
BENASSAR Bartolomé,0,0
BENATTI Antonio Paulo,0,0
BENCHIMOL Jaime Larry,2,0
BENEDETTI Marcos Renato,0,0
BENETTI Fernando José,0,0
BENEVIDES Bruna G,0,0
BENEVIDES Maria Victória,0,0
BENHABIB Seyla,0,0
BENJAMIN Walter,0,0
BENSA Alban,0,0
BENTO Berenice,0,0
ALVES Edhilson Dantas,0,0
BENTO Maria Aparecida Silva,0,0
BERARDINELLI Waldemar,0,0
BERGER John,0,0
BERGER Peter,1,0
BERGSON Henri,0,0
BERLANT Laurent,0,0
BERMÚDEZ Mónica De Martino,0,0
BERNAND Carmen,0,0
BERNARDES Maria Thereza Caiuby Crescenti,0,0
BERNARDET Jean-Claude,0,0
BERSTEIN Serge,0,0
BERTOLLI FILHO Claudio,1,0
BERUTTI Eliane Borges,0,0
BESSA Karla Adriana M,1,0
BESSA Marcelo Secron,1,0
BESSE Susan K,0,0
BETHENCOURT Francisco,0,0
BETTO Frei,0,0
BEZERRA Carlos Eduardo,0,0
BEZERRA Holien Gonçalves,0,0
BEZERRA Julio,0,0
BEZERRA Marlos Alves,0,0
BHABHA Homi K,0,0
BIANCARELLI Aureliano,0,0
BIANCHET Sandra Braga,0,0
BICALHO Maria Fernanda,0,0
BINI Edson,0,0
BIRMAN Joel,0,0
BIRMAN Patrícia,1,0
BIROLI Flávia,0,0
BITTENCOURT Circe Maria Fernandes,0,0
BITTENCOURT Francisco,0,0
BITTENCOURT Luciana,0,0
BITTENCOURT Marcelo,0,0
BLOC Lucas Guimarães,0,0
BLOCH Howard,0,0
BLOCH Marc,0,0
FREITAS Talitta Tatiane Martins,0,0
BLOOM Harold,0,0
BLUTEAU Raphael,0,0
BOARDMAN John,0,0
BOBBIO Norberto,0,0
BOEHRINGER Sandra,0,0
BOFF Leonardo,0,0
BOHN Alessandra Maria,0,0
BOITO JR Armando,0,0
BOLOGNE Jean Claude,0,0
BOLSONARO Jair,0,0
BOLTANSKI Luc,1,0
BOLTON Brenda,0,0
BOMENY Helena,0,0
BONADIO Maria Claudia,0,0
BONASSI Brune Camillo,0,0
BONDÍA Jorge Larrosa,0,0
BONNET Marie-Jo,0,0
BORBA Andressa da Silva,0,0
BORBA Rodrigo,0,0
BORDO Susan R,0,0
BORELLI Silvia Helena Simões,0,0
BORGES Nilson,0,0
SILVA Daniel Henrique de Oliveira,0,0
BORGES Valdeci,0,0
BORGES Vavy Pacheco,0,0
BORILLO Daniel,0,0
BORIS Georges Daniel,0,0
BORNSTEIN Kate,0,0
BORRILLO Daniel,0,0
BORSA Juliane Callegaro,0,0
BORTOLOZZI Remos Matheus,0,0
BOSCHI Caio César,0,0
BOSI Alfredo,0,0
BOSI Ecléa,0,0
BOSSY John,0,0
BOSWELL John,0,0
BOTTON Fernando Bagiotto,0,0
BOURCIER Sam,0,0
BOURDIEU Pierre,0,0
BOUREAU Alain,0,0
BOUTIER Jean,1,0
BOWRA C M,0,0
BOXER Charles R,0,0
BOZON Michel,0,0
BRABO Tânia Suely,0,0
BRAGA Cíntia Guedes,0,0
BRAGA Isabel M R Mendes Drumond,0,0
BRAGA João,0,0
BRAGA Júlio,1,0
BRAGA Paulo Drumond,0,0
CAVALCANTE Lais Medeiros,0,0
BRAH Avtar,0,0
BRAIDOTTI Rosi,0,0
BRANCO Edward de Alencar Castelo,0,0
BRANCO Guilherme Castelo,0,0
BRANCO Lúcia Castello,0,0
BRANDÃO Ana Maria,0,0
BRANDÃO Alessandra,0,0
BRANDÃO Elaine Reis,0,0
BRANDÃO Fagner Alves Moreira,0,0
BRANDÃO Helena H Nagamine,0,0
BRANDÃO José Luís,0,0
BRANDÃO Junito,0,0
BRANNON R,0,0
BRASILIENSE Maria Bernadete,0,0
BRAUDEL Fernand,1,0
BRAY Alan,0,0
BRAZ Camilo Albuquerque,0,0
BREMMER Jan,0,0
BREPOHL Marion,0,0
BRESCIANI Maria Stella Martins,0,0
BRETAS Marcos Luiz,1,0
BRETT Guy,0,0
BRIGGS Asa,0,0
BRITES Jurema,0,0
BRITO Ana Maria de,0,0
BRITO Eleonora Zicari Costa,0,0
BRITO Walderes,0,0
BRITTO Sérgio,0,0
BRITZMAN Deborah,0,0
BROD Jairo Luis,0,0
BROWN Judith C,0,0
BROWN Peter,0,0
BROWN Wendy,0,0
BRÜGGER Silvia Maria,0,0
BRULON Bruno,0,0
BRUM Eliane,0,0
BRUM Roberta Knapik,0,0
BRUNDAGE James A,0,0
BRUSCHINI Cristina,0,0
BRUSCHINI Maria C,0,0
BUARQUE Chico,0,0
BUENO Maria Lúcia,0,0
BUFFIÈRE Félix,0,0
BUFFON Roseli,0,0
BUITONI Dulcília Schroeder,0,0
BULFINCH Thomas,0,0
BULHÕES Marcelo,0,0
BULLOUGH Vern,0,0
BURGUIÈRE André,1,0
BURITY Joanildo,0,0
BURKE Peter,1,0
BURKERT Walter,1,0
BUSIN Valéria Melkin,0,0
BUSS Paulo Marchiori,0,0
BUSTAMANTE Regina Maria,0,0
BUTLER Judith,0,0
BUTTURI JR Atílio,0,0
BUXTON Richard,1,0
BUZAID Alfredo,0,0
CARA Cristina,0,0
CABRAL Euclides,0,0
CABRAL Jacqueline Ribeiro,0,0
CAETANO Márcio,0,0
CAIMI Flávia Eloisa,0,0
CAINELLI Marlene,0,0
CALADO Carlos,0,0
CALAINHO Daniela Buono,0,0
CALAME Claude,1,0
CALDAS Alberto Lins,0,0
CALDAS Dário,0,0
CALDEIRA Angela Cristina Germine Pinto,0,0
CALDEIRA Teresa P,0,0
CALEIRO Regina Célia Lima,0,0
CALLEGARI Jeanne,0,0
CALLIGARIS Contardo,0,0
CALVANI Carlos Eduardo,0,0
MORAES Diogo Marialva,0,0
CALVINO Ítalo,0,0
CÂMARA Cristina,0,0
CAMARGO Ana Maria Faccioli,0,0
CAMARGO Flávio Pereira,0,0
CAMARGO JR Kenneth R,2,0
CAMARGOS Moacir Lopes,0,0
CAMBIANO Giuseppe,0,0
CAMINHA Adolfo,0,0
CAMINOTI Jacqueline Medeiros,0,0
CAMPANHOLE Adriano,0,0
CAMPBELL Colin,0,0
CAMPEDELLI Samira Youssef,0,0
CAMPELLO Bernadete,0,0
CAMPOS Leonildo Silveira,0,0
CAMPOS Núbia Carla,0,0
CAMPOS Pedro Marcelo,0,0
CAMPOS Tarcísio Passos Ribeiro,0,0
CAMUS Albert,0,0
CANCLINI Néstor García,0,0
CANDAU Joël,0,0
CANDAU Vera Maria,0,0
CANDIDO Antônio,0,0
CANDIDO Maria Regina,0,0
CANDIOTTO César,0,0
CANFORA Luciano,1,0
CANGUILHEM Georges,0,0
CAÑIZAL Eduardo Peñuela,0,0
CANO Wilson,0,0
CANTALICE Juviniano Gomes,0,0
CANTARELLA Eva,1,0
CAPELATO Maria Helena Rolim,0,0
CAPONE Stefania,0,0
CAPONI Sandra,0,0
CAPRIO Frank S,0,0
CARBONELL Charles-Oliver,0,0
CARDEAL ARNS D Paulo Evaristo,0,0
CARDIM Pedro,0,0
CARDOSO Ciro Flamarion,2,0
CARDOSO DE OLIVEIRA Luis R,0,0
CARDOSO Elisabeth,0,0
CARDOSO Elizabeth da P,0,0
CARDOSO Fernando Henrique,0,0
CARDOSO Fernando Luiz,0,0
CARDOSO Heloisa Helena Pacheco,0,0
CARDOSO Ruth Corrêa Leite,0,0
CARDOSO Sérgio,1,0
CARDOSO Zélia,1,0
CARMO Paulo Sérgio do,0,0
CARNEIRO Édison,1,0
CARNEIRO Henrique,0,0
CARNEIRO Maria Elizabeth Ribeiro,0,0
CARNEIRO Maria Luiza Tucci,0,0
CARNEIRO Sueli,0,0
CARONE Edgar,2,0
CARRARA Sérgio,2,0
CARRASCO Rafael,0,0
CARRASCOSA Sejo,0,0
CARRIERI Alexandre,0,0
CARRIJO Gilson Goulart,0,0
CARRILLO Jesús,0,0
CARROLL Lewis,0,0
CARSTEN Janet,0,0
CARTLEDGE Paul,0,0
CARULA Karoline,0,0
CARVALHO Carlos Alberto de,0,0
CARVALHO Diana Maul de,0,0
CARVALHO Gilmar,0,0
CARVALHO Joaquim Ramos de,0,0
CARVALHO José Jorge de,0,0
CARVALHO José Murilo de,2,0
CARVALHO Luiz Maklouf,0,0
CARVALHO Mario Felipe de Lima,0,0
CARVALHO Vânia Carneiro,0,0
CASAGRANDE Carla,0,0
CASSAB Latif Antonia,0,0
CASSAL Luan Carpes Barros de,0,0
CASTAÑEDA Jorge G,0,0
CASTEL Pierre-Henri,0,0
CASTEL Robert,0,0
CASTELLANO Juan Luis Castellano,0,0
CASTELLS Manuel,1,0
CASTELO BRANCO Pedro Vilarinho,0,0
CASTIEL Luis David,0,0
CASTILHO Euclides Ayres,0,0
CASTILHO Inês,0,0
CASTILHO Kathia,0,0
CASTILLO Ana,0,0
CASTILLO Elisa,0,0
CASTLE T,0,0
CASTORIADIS Cornelius,0,0
CASTRO Ana Lúcia,0,0
CASTRO Celso,1,0
CASTRO Claudia Gomes,0,0
CASTRO Edgardo,0,0
CASTRO Fidel,0,0
CASTRO Hebe Maria Mattos,1,0
CASTRO M G,0,0
CASTRO Paulo César,0,0
CASTRO Ruy,0,0
CAUFIELD Susann,1,0
CAVALCANTE Alcilene,0,0
CAVALCANTE Olendina,0,0
CAVALCANTI Carlos André Macêdo,0,0
CAVALLO Guglielmo,0,0
CAVICCHIOLI M R,0,0
CAZEIRO Felipe,0,0
CEBALLOS Rodrigo,0,0
CECCARELLI Paulo Roberto,0,0
CECCHETTO Fátima Regina,0,0
CERQUEIRA Fábio Vergara,0,0
CERQUEIRA FILHO Gisálio,0,0
CERQUEIRA Marcelo,0,0
CERRI Luís Fernando,0,0
CERTEAU Michel de,2,0
CERVERA Júlia Pérez,0,0
CÉSPEDES Carlos Manuel,0,0
CEZAR Temístocles,0,0
CHALHOUB Sidney,2,0
CHAMBERLAND Line,0,0
CHAMBOULEYRON Rafael,0,0
CHARAUDEAU P,0,0
CHARAUDEAU Patrick,0,0
CHARTIER Roger,3,0
CHAUÍ Marilena,0,0
CHAUNCEY JR George,0,0
CHAUVEAU Agnès,0,0
CHERNOVIZ Pedro Luiz Napoleão,0,0
CHETCUTI Natacha,0,0
CHEVALIER Jean-Claude,0,0
CHEVITARESE André Leonardo,0,0
CHIAVENATO Júlio José,2,0
CHOAY Françoise,0,0
CHRISTOFOLETTI Rogério,0,0
CHRYSÓSTOMO Antônio,0,0
CIDREIRA Renata Pitombo,0,0
CIRILO Ione,0,0
CITELI Maria Teresa,0,0
CLARKE Cheryl,0,0
CLASTRES Pierre,1,0
CLAVERO Bartolomé,0,0
CLIFFORD James,0,0
COACCI Thiago,0,0
CODATO Adriano Nervo,0,0
CODES Ana Isabel López-Salazar,0,0
COELHO Claudio Novaes Pinto,0,0
COELHO Edmundo Campos,0,0
COELHO Fabiano de Souza,0,0
COELHO Frederico Oliveira,0,0
COELHO Paloma,0,0
COELHO Salomé,0,0
COELHO Vinicius,0,0
COHEN David,0,0
COHEN Stanley,0,0
COLBY David C,0,0
COLLING Ana Maria,0,0
COLLING Leandro,0,0
COLLINS Patricia Hill,0,0
CONNELL Raewyn,0,0
CONNELL Robert W,0,0
CONTALDO Silvia Maria,0,0
CONTRERA Wildney Feres,0,0
CORBIN Alain,0,0
CORDÃO Vinicius Ferreira Ribeiro,0,0
CORDEIRO Janaina Martins,0,0
CÓRDOVA Luiz Fernando Neves,0,0
CORNEJO Giancarlo,0,0
CORNELL Drucilla,0,0
CORRÊA Anderson Rodrigues,0,0
CORRÊA Gustavo Borges,0,0
CORRÊA M,0,0
CORRÊA Marilena,1,0
CORRÊA Mariza,1,0
CORREA Roberto Lobato,0,0
CORRÊA Sônia,0,0
CORREIO Edson Santos Silva,0,0
CORREIO Wallas Jefferson Lima,0,0
CORTÉS MARTÍNEZ Immaculada,0,0
COSTA A B,0,0
COSTA Adriane Vidal,0,0
COSTA Albertina de Oliveira,0,0
COSTA Ana Alice Alcântara,0,0
COSTA Antonio,0,0
COSTA Benhur Pinós,0,0
COSTA Cláudia de Lima,0,0
COSTA Cléria Botelho,0,0
COSTA e BRITO Alexandre Magno Maciel,0,0
COSTA Emília Viotti da,1,0
COSTA Horácio,0,0
COSTA Icléia T M,0,0
COSTA Joaze Bernardino,0,0
COSTA Jurandir Freire,3,0
COSTA Jussara,0,0
COSTA Manuela Pinto da,0,0
COSTA Maria Clélia Lustosa,0,0
COSTA Maria Cristina Castilho,0,0
COSTA Maria Paglia,0,0
COSTA Marisa Vorraber,0,0
COSTA Nilson do RosᲩo,1,0
COSTA Ronaldo Pamplona,0,0
COSTA Valmir,0,0
COULET Corinne,1,0
COULON Victor,0,0
COURBIN Alain,0,0
COURTINE Jean-Jacques,0,0
COUTINHO Carlos Nelson,0,0
COUTO Edilece Souza,0,0
COUTO Edvaldo Souza,0,0
COUTO Rita Cristina C,0,0
COWAN Benjamin,0,0
COZER A,0,0
CRANE Diana,0,0
CRENSHAW Kimberlé,0,0
CRESCÊNCIO Cintia Lima,0,0
CRESPO Jorge,1,0
CROMPTON Louis,0,0
CRUZ Dulce Márcia,0,0
CRUZ Heloisa de Farias,0,0
CRUZ Rodrigo,0,0
CUCHINIR Luiz,0,0
CUETO Marcos,0,0
CULLER Jonathan,0,0
CUNHA Mafalda Soares,0,0
CUNHA Maria Clementina Pereira,1,0
CUNHA Maria de Fátima,0,0
CUNHA Maria Teresa Santos,0,0
CUNHA Olivia Maria Gomes da,1,0
CUPERSCHMID Ethel Mizrahy,0,0
CURI Celso,0,0
CURIEL Ochy,0,0
CYSNEIROS Adriano Barreto,0,0
CZERESNIA Dina,1,0
DABHOIWALA Faramerz,0,0
DAELE Hilaire Van,0,0
DAIBERT Jr Robert,0,0
DALBEN André,0,0
DALCASTAGNÈ Regina,0,0
DALGALARRONDO Paulo,0,0
DALLAPICULA C,0,0
DAMASCENO Caetana Maria,1,0
DAMASCENO Sílvia,0,0
DAMATA Gasparino,0,0
DAMATTA Roberto,1,0
DaMATTA Roberto,0,0
DAMIÃO Pedro,0,0
DANIEL Herbert,2,0
DANIEL Marc,0,0
DANTAS Beatriz G,1,0
D'ARAUJO Maria Celina,0,0
DARDE Vicente William da Silva,0,0
DARMON Pierre,0,0
DARNTON Robert,0,0
DAUPHIN Cécile,0,0
DAVID D S,0,0
DAVIDSON James,0,0
DAVIS Angela,0,0
DAVIS Madeline,0,0
DAVIS Natalie Zemon,0,0
DE LUCA Tânia Regina,0,0
DEBERT Guita Grin,0,0
DEBORD Guy,0,0
DÉBRAY Regis,0,0
DEFERT Daniel,0,0
DEL PRIORE Mary,0,0
DELEUZE Gilles,0,0
DELGADO Andréa Ferreira,0,0
DELGADO Lucília de Almeida Neves,0,0
DELLAMORE C,0,0
DELLAMORE Carolina,0,0
DELUMEAU Jean,0,0
DEMILIO John,0,0
DEMONT Paul,1,0
DENIZART Hugo,0,0
DERRIDA Jacques,0,0
DESCARRIES Francine,0,0
DESCARTES René,0,0
DESPENTES Virginie,0,0
DETIENNE Marcel,0,0
DEVERAUX George,0,0
DIAS Cláudio José Piotrovski,0,0
DIAS João José Alves,0,0
DIAS Lucy,0,0
DIAS Maria Berenice,0,0
DIAS Maria Odila Leite,0,0
DÍAZ-ANDREU Margarita,0,0
DÍAZ-BENÍTEZ María Elvira,0,0
DIDI-HUBERMAN Georges,0,0
DIEHL Astor Antônio,0,0
DINES Alberto,0,0
DINIS Nilson Fernandes,0,0
DINIZ Débora,0,0
DINIZ Sheyla Castro,0,0
DOIMO Ana Maria,1,0
DOMINGUES Heloisa Maria Bertol,0,0
DOMINGUES Petrônio,0,0
DONZELOT Jacques,0,0
DORNELLES Jonatas,0,0
DOS ANJOS Gabriele,0,0
DOSSE François,0,0
DOUBROVSKY Serge,0,0
DOUGLAS Mary,0,0
DOURADO Luiz Ângelo,0,0
DOVER Kenneth J,1,0
DOYLE Iracy,0,0
DREIFUSS René Armand,0,0
DREYFUS Hubert,0,0
DRUMMOND Lucas,0,0
DUARTE Ana Rita Fonteles,0,0
DUARTE Camila,0,0
DUARTE Luiz Fernando Dias,0,0
DUBERMAN Martin,0,0
DUBOIS Page,0,0
DUBOIS Philippe,0,0
DUBY Georges,1,0
DUMÉZIL Georges,0,0
DUNN Christopher,0,0
DUQUE Tiago,0,0
DURAND Gilbert,0,0
DURKHEIM Emile,1,0
DURST Rogério,0,0
DUSSEL Enrique,0,0
DUTRA Eliana R,0,0
DUTRA Roger Andrade,0,0
DUVIGNAUD Jean,0,0
DYNES Wayne R,0,0
EAGLETON Terry,0,0
EASTERLING Patrícia E,0,0
ECO Umberto,0,0
EDLER Flavio Coelho,0,0
EDUARDO Cléber,0,0
EFREM FILHO Roberto,0,0
EGGERT Edla,0,0
EIZIRIK Marisa,0,0
EL FAR Alessandra,0,0
ELBERT Carlos Alberto,0,0
ELIADE Mircea,1,0
ELIAS Norbert,2,0
ELLIS Havellock,0,0
ELLSWORTH Elizabeth,0,0
ELMIR Claudio Pereira,0,0
ENDJSO Dag Oistein,0,0
ENGEL Magali,1,0
ENGELS Friedrich,1,0
EPSTEIN Debbie,0,0
EPSTEIN Steven,0,0
ERIBON Didier,0,0
ESCANDÓN Carmen Ramos,0,0
ESCOBAR Carlos Henrique,0,0
ESCOFFIER Jeffrey,0,0
ESCOREL Eduardo,0,0
ESCOREL Sarah,0,0
ESCOURA Michele,0,0
ESPINOSA-MIÑOSO Yuderkis,0,0
ESTEVES Anderson Martins,0,0
ESTEVES Martha de Abreu,0,0
EULÁLIO Alexandre,0,0
EURÍPIDES,0,0
EYMERICH Nicolau,0,0
FABRIS Annateresa,0,0
FACCHINETTI Cristiana,0,0
FACCHINI Regina,0,0
FACCO Lúcia,0,0
FACIOLI Lara,0,0
FADERMAN Lillian,0,0
FAIRCHILD Beth,0,0
FAIRCLOUGH Norman,0,0
FALABELLA Florença,0,0
FALCÃO Armando,0,0
FALCON Francisco,0,0
FALEIROS Vicente de Paula,0,0
FALQUET Jules,0,0
FALUDI Susan,0,0
FANON Frantz,0,0
FANTHAM E,0,0
FAORO Raymundo,0,0
FAOUR Rodrigo,0,0
FARGE Arlette,1,0
FARIA Maraísa Gabriela de,0,0
FARIA Marcos Moutta de,0,0
FARIA Sheila de Castro,0,0
FARIAS Elton John,0,0
FARINA Roberto,0,0
FARINATTI Luis Augusto,0,0
FASSIN Didier,0,0
FATAL Paulo,0,0
FAURE Olivier,0,0
FAURY Mara Lúcia,0,0
FAUSTO Boris,2,0
FAUSTO NETO Antônio,0,0
FAUSTO-STERLING Anne,0,0
FÁVERI Marlene de,0,0
FEBVRE Lucien,0,0
FEINBERG Leslie,0,0
FEITLER Bruno,0,0
FEITOSA Alexandre,0,0
FEITOSA Cleyton,0,0
FEITOSA Lourdes Conde,0,0
FELDMAN Sarah,0,0
FELDMAN-BIANCO Bela,0,0
FELIPE Jane,0,0
FEMENIAS María Luisa,0,0
FENELON Déa Ribeiro,0,0
FERES JR João,0,0
FERLA Luis Antonio Coelho,0,0
FERNANDES Alécio Nunes,0,0
FERNANDES Estevão Rafael,0,0
FERNANDES Felipe Bruno Martins,0,0
FERNANDES Florestan,0,0
FERNANDES Maria,0,0
FERNANDES Marisa,0,0
FERNANDES Millôr,0,0
FERNANDES Rubem César,0,0
FERNANDES Sandra Maria,0,0
FERNANDES Tânia Martins Santos,0,0
FERNANDEZ Dominique,0,0
FERNÁNDEZ Josefina,0,0
FERNANDEZ Osvaldo,0,0
FERRARI Anderson,0,0
FERRAZ Maria Cristina,0,0
FERREIRA Amauri Carlos,0,0
FERREIRA Antônio Celso,0,0
FERREIRA Aurélio Buarque de Holanda,0,0
FERREIRA Carlos,0,0
FERREIRA Daniel Rogers de Souza,0,0
FERREIRA Guilherme Gomes,0,0
FERREIRA Jorge Luiz,0,0
FERREIRA José Ribeiro,0,0
FERREIRA JR Nelson,0,0
FERREIRA Letícia Schneider,0,0
FERREIRA Luiz Otávio,0,0
FERREIRA Marcelo Santana,0,0
FERREIRA Marieta de Moraes,0,0
FERREIRA S,0,0
FERREIRA Tânia Maria Bessone,0,0
FERRETIE Sérgio,0,0
FERRO Marc,0,0
FICO Carlos,0,0
FIGARI Carlos,0,0
FIGUEIRA Thomas J,0,0
FIGUEIREDO Luciano Raposo,0,0
FIGUEIRO Mary Neide Damico,0,0
FIGUEIRÔA Alexandre,0,0
FILHO Alipio De Sousa,0,0
FILHO Amílcar Torrão,0,0
FILHO Claudio Bertolli,0,0
FINAMORI Sabrina Deise,0,0
FINLEY Moses I,1,0
FIRMINO F H,0,0
FISCHER Rosa Maria Bueno,0,0
FISCHMAN Roseli,0,0
FLACELIÈRE Robert,0,0
FLANDRIN Jean-Louis,0,0
FLAUBERT Gustave,0,0
FLAX Jane,0,0
FLORENTINO Manolo,0,0
FLORENZANO Maria Beatriz Borba,0,0
FLORES Moacyr,0,0
FONSECA Claudia,0,0
FONSECA Cristina M O,0,0
FONSECA Márcio Alves da,0,0
FONSECA Selva Guimarães,0,0
FOSTER David William,0,0
FOUCAULT Michel,4,0
FRAGOSO João,0,0
FRAISSE Geneviève,0,0
FRANÇA Isadora,0,0
FRANÇA Isadora Lins,0,0
FRANÇA Júnia Lessa,0,0
FRANCO JR Hilário,0,0
FRANCO Juan Hernández,0,0
FRANCO Renato,0,0
FRANCO Sebastião,0,0
FRANCO Sebastião Pimentel,0,0
FRANKENBERG Ruth,0,0
FRASER Nancy,0,0
FREIRE Paulo,0,0
CAVALHEIRO Leticia Campagnolo,0,0
FREIRE Roberto,0,0
FREITAS Artur,0,0
FREITAS Marcos Cezar,0,0
FREITAS Renan Springer,0,0
FRESTON Paul,0,0
FREUD Sigmund,0,0
FREYRE Gilberto,1,0
FRIEDAN Betty,0,0
FRIEDRICH Carl J,1,0
FROHWEIN Fábio,0,0
FRY Peter,0,0
FUKUYAMA Francis,0,0
FUNARI Pedro Paulo Abreu,0,0
FUNCK Susana Bornéo,0,0
FURLANI Jimena,0,0
FURTADO Júnia Ferreira,0,0
FUSS Diana,0,0
GABEIRA Fernando,0,0
GADELHA Sylvio,0,0
GAGNON John H,0,0
GALEANO Eduardo,0,0
GALLO Silvio,0,0
GALVÃO Jane,2,0
GALVÃO Walnice Nogueira,1,0
GARCIA David Córdoba,0,0
GARCIA Gabriela Mesquita,0,0
GARCIA Miliandre,0,0
GARCIA Paulo César,0,0
GARCIA Rodolfo,0,0
GARCIA Wilton,0,0
GARNSEY Peter,0,0
GARRAFFONI Renata Senna,0,0
GASPARI Elio,0,0
GATTI José,0,0
GAY Peter,0,0
GEERTZ Clifford,0,0
GÉLIS Jacques,0,0
GENNEP Arnold Van,1,0
GERSON Brasil,0,0
GIAMI Alain,0,0
GIDDENS Anthony,0,0
GIDE André,0,0
GIL Carmem Zeli de Vargas,0,0
GINZBURG Carlo,2,0
GINZBURG Jaime,0,0
GIRARD René,0,0
GIRARDET Raoul,0,0
GIROUX Robert,0,0
GIUMBELLI Emerson,0,0
GLICK Thomas,0,0
GOELLNER Silvana Vilodre,0,0
GOES Fred,0,0
GOFFMAN Erving,0,0
GOHN Maria da Gloria,0,0
GÓIS João Bosco Hora,0,0
GOLDBERG Anette,0,0
GOLDENBERG Mirian,0,0
GOLDHILL Simon,0,0
GOLIN Célio,0,0
GOLIOT-LÉTÉ Anne,0,0
GOMES Aguinaldo Rodrigues,0,0
GOMES Alair,0,0
GOMES Ângela de Castro,2,0
GOMES Flávio,0,0
GOMES Nilma Lino,0,0
GOMES Plínio Freire,0,0
GONÇALVES Andréa Lisly,0,0
GONÇALVES Marcos A,0,0
GONÇALVES Margareth de Almeida,0,0
GONÇALVES Telma Amaral,0,0
GONDAR Jô,0,0
GONTIJO Fabiano,0,0
GONTIJO Rebeca,0,0
GONZÁLEZ DE TOBIA Ana Maria,0,0
GONZALEZ Lélia,0,0
GORENDER Jacob,1,0
GORENSTEIN Lina,0,0
GOULD Stephen Jay,0,0
GOUVÊA Maria,0,0
GOUVEIA António Camões,0,0
GRAMSCI Antonio,0,0
GREEN James,2,0
GREEN John,0,0
GREGORI Maria Filomena,0,0
GREINER Christine,0,0
GRILLO José Geraldo Costa,0,0
GRIMAL Pierre,0,0
GRINBERG Keila,1,0
GROOTENDORST Sapê,0,0
GROS Frédéric,0,0
GROSFOGUEL Ramón,0,0
GROSSBERG L,0,0
GROSSI Miriam Pillar,0,0
GRUNER Clóvis,0,0
GRUNVALD Vitor,0,0
GRUZINSKI Serge,0,0
GUARESCHI Pedrinho,1,0
GUARINELLO N L,0,0
GUASCH Oscar,0,0
GUATTARI Felix,0,0
GUEDES M,0,0
GUERIN Daniel,0,0
GUEVARA Ernesto,0,0
GUIBERT Hervé,1,0
GUIMARÃES Agildo B,0,0
GUIMARÃES C Z,0,0
GUIMARÃES Carmen Dora,1,0
GUIMARÃES Luciano,0,0
GUIMARÃES Manoel Luiz Salgado,0,0
GUMBRECHT Hans Ulrich,0,0
HABERMAS Jürgen,0,0
HABERT Nadine,0,0
HAESBAERT Rogério,0,0
HAGEMEYER Rafael Rosa,0,0
HAIDER Asad,0,0
HALBERSTAM Jack,0,0
HALBWACHS Maurice,0,0
HALL Stuart,0,0
HALLETT Judith P,0,0
HALPERIN David M,1,0
HAMBURGER Esther,0,0
HARAWAY Donna,0,0
HARDING Sandra,0,0
HARDMAN Francisco Foot,1,0
HARLAN David,0,0
HART John,0,0
HARTOG François,0,0
HARVEY David,1,0
HAYWARD Nancy,0,0
HEEREN José Augusto,0,0
HEILBORN Maria Luiza,1,0
HEKMA Gert,0,0
HELLER Agnes,0,0
HELMINIAK Daniel A,0,0
HENNING Carlos Eduardo,0,0
HERCULANO Alexandre,0,0
HÉRITIER Françoise,0,0
HERMAN Arthur,0,0
HERMANN Jacqueline,0,0
HERMETO Miriam,0,0
HERSCHMANN Micael M,1,0
HERZLICH Claudine,1,0
HESPANHA António Manuel,0,0
HILAIRE Colette St,0,0
HINGLEY Richard,0,0
HIRATA Helena,0,0
HIRSCHFELD Magnus,0,0
HITE Shere,0,0
HOBSBAWM Eric,0,0
HOCHMAN Gilberto,1,0
HOCQUENGHEM Guy,0,0
HOHLFELDT Antônio,0,0
HOLANDA Fabíola,0,0
HOLANDA Karla,0,0
HOLLANDA Heloisa Buarque de,1,0
HOLMES B,0,0
HONNETH Axel,0,0
HOOKS bell,0,0
HOORNAERT Eduardo,0,0
HORKHEIMER Max,0,0
HOUAISS Antônio,0,0
HOWES Robert,0,0
HUBBARD T K,0,0
HUNT Lynn,1,0
HUNTINGTON Samuel P,0,0
HUTCHEON Linda,0,0
INSAUSTI Santiago Joaquin,0,0
IONTA Marilda Aparecida,0,0
ISAY Richard A,0,0
JABLONKA Ivan,0,0
JABLONSKI Bernardo,0,0
JAEGER Werner Wilhelm,1,0
JAGGAR Alison M,0,0
JAGOSE Annamarie,0,0
JANCSÓ István,0,0
JANNELLI Maurizio,0,0
JARDIM Eduardo,0,0
JAUSS Hans Robert,0,0
JENKINS Henry,0,0
JENKINS Keith,0,0
JEOLÁS Leila Sollberger,0,0
JESUS Beto,0,0
JESUS Carolina Maria de,0,0
JESUS Jaqueline Gomes de,0,0
JIMÉNEZ Rafael M Mérida,0,0
JODELET Denise,0,0
JOFFILY Mariana,0,0
JOHANSSON Warren,0,0
JOHNSON Richard,0,0
JOHNSON Virginia E,0,0
JOLY Martine,0,0
JORDAN Mark,0,0
JORGE Miguel,0,0
JOVCHELOVITCH Sandra,1,0
JULIA Dominique,1,0
JUNG Carl Gustav,0,0
JUNQUEIRA Rogério Diniz,0,0
KAAS Hailey,0,0
KAFKA Franz,0,0
KAMEL Ali,0,0
KAPLAN E Ann,0,0
KARNAL Leandro,0,0
KATZ Jonathan Ned,0,0
KAUFMAN M,0,0
KAUFMAN Susana,0,0
KEHL Maria Rita,0,0
KELLNER Douglas,0,0
KENNEDY Hubert,0,0
KERBER Alessander,0,0
KILMER Martin F,0,0
KILOMBA Grada,0,0
KIMMEL Michael,0,0
KINSEY Alfred,0,0
KLANOVICZ Luciana Rosar Fornazari,0,0
KLEIN Herbert S,0,0
KLINGER Diana,0,0
KNAUSS Paulo,0,0
KOFES Suely,0,0
KOLLER Sílvia Helena,0,0
KORNIS Mônica Almeida,0,0
KOSELLECK Reinhart,0,0
KOSSOY Boris,0,0
KOTLINSKI Kelly,0,0
KOUBI Geneviève,0,0
KRAAY Hendrik,1,0
KRAFFT-EBING Richard Von,0,0
KRAMER Larry,0,0
KRISTEVA Julia,0,0
KRONKA Graziela Zanin,0,0
KUCINSKI Bernardo,0,0
KUHN Thomas,0,0
KULICK Don,0,0
KUMAR Krishan,0,0
KUNZRU Hari,0,0
KURY Mário,0,0
KUSHNIR Beatriz,0,0
LACERDA Paula,0,0
LACOMBE Andrea,0,0
LACOMBE Guilherme,0,0
LACOUTURE Jean,0,0
LAGE Lana,0,0
LAGO Mara Coelho de Souza,0,0
LAKATOS Eva Maria,0,0
LAMAS Caio,0,0
LANCETTI Antônio,0,0
LANDER Edgardo,0,0
LANDES Ruth,0,0
LANDIM Leilah,1,0
LANGUE Frédérique,0,0
LANZ Letícia,0,0
LAPA T S,0,0
LAPEIZ Sandra M,0,0
LAPLANTINE François,0,0
LAPOUJADE David,0,0
LAPUENTE Rafael Saraiva,0,0
LAQUEUR Thomas,0,0
LARA Silvia Hunold,1,0
LARAIA Roque,0,0
LARAIA Roque de Barros,0,0
LARDINOIS André,0,0
LARROSA Jorge,0,0
LATOUR Bruno,0,0
LAURENTI Ruy,0,0
LAURETIS Teresa de,0,0
LAURITSEN John,0,0
LAVER James,0,0
LAZZARATO Maurizio,0,0
LE BRETON David,0,0
LE GALL Jean-Marie,0,0
LE GOFF Jacques,2,0
LEAL Bruno Souza,0,0
LEITE JR Jorge,0,0
LEITE Juçara Luzia,0,0
LEITE Miriam Moreira,0,0
LEITE Rosalina Santa Cruz,0,0
LEJEUNE Philippe,0,0
LEMOS Renato,0,0
LENHARO Alcir,0,0
LENZI Maria Helena,0,0
LEONEL Vange,0,0
LESKY Albin,0,0
LESSA Fábio de Souza,0,0
LESSA Patrícia,0,0
LEVI Giovanni,0,0
LEVI Primo,0,0
LEVINE Philippa,0,0
LEVI-STRAUSS Claude,0,0
LÉVY Pierre,0,0
LIGHTMAN Alan,0,0
LIMA Alexandre Carneiro Cerqueira,0,0
LIMA Claudia Costa,0,0
LIMA Delcio Monteiro,0,0
LIMA Henrique Espada,0,0
LIMA Igor,0,0
LIMA Lana Lage da Gama,0,0
LIMA Luciana Dias de,0,0
LIMA Luiz Costa,0,0
LIMA Marcelo Pereira,0,0
LIMA Marcus Antônio Assis,0,0
LIMA Maria Isabel,0,0
LIMA Nísia Trindade,1,0
LIMA Vivaldo da Costa,0,0
LINS Beatriz A,0,0
LINS Daniel,0,0
LINS Regina Navarro,0,0
LION Antonio Ricardo Calori de,0,0
LIONÇO Tatiana,0,0
LIPINER Elias,0,0
LIPOVETSKY Gilles,0,0
LISBOA Maria Regina Azevedo,0,0
LISPECTOR Clarice,0,0
LISSARRAGUE François,1,0
LOBATO Wolney,0,0
LOBERT Rosemary,0,0
LODY Raul,0,0
LOMBROSO Cesare,0,0
LOPES Denílson,0,0
LOPES Eliane Marta Teixeira,0,0
LOPES Fábio Henrique,0,0
LOPES Paulo Victor Leite,0,0
LORAUX Nicole,0,0
LORDE Audre,0,0
LORIGA Sabina,0,0
LOURO Guacira Lopes,0,0
LOYOLA Maria Andréa,0,0
LOZANO Jorge Eduardo Aceves,0,0
LUCA Tania Regina,0,0
LUCAS Meize Regina,0,0
LUCKMANN Thomas,1,0
LUGONES María,0,0
LUNA Francisco Vidal,0,0
LUNARDI Rafaela,0,0
LUZ Madel T,0,0
LUZ Rogério,0,0
L֗Y Ilana,0,0
LYRA Jorge,0,0
MACEDO Ana Gabriela,0,0
MACEDO Edir,0,0
MACHADO Arlindo,0,0
MACHADO Cristiani Vieira,0,0
MACHADO Frederico Viana,0,0
MACHADO Leonardo Diogo Cardoso Nogueira,0,0
MACHADO Lia Zanotta,0,0
MACHADO Maria Clara Tomaz,0,0
MACHADO Maria das Dores Campos,0,0
MACHADO Paula Sandrine,0,0
MACHADO Roberto,2,0
MACIEL David,0,0
MACIEL Ethel Leonor Noia,0,0
MACIEL Luiz Carlos,0,0
MACRAE Edward,0,0
MADLENER Francis,0,0
MAER Maria Elisa,0,0
MAFFESOLI Michel,0,0
MAGALHÃES Boris Ribeiro,0,0
MAGALHÃES Marion Brepohl de,0,0
MAGALHÃES Valéria Barbosa,0,0
MAGGIE Yvonne,1,0
MAIA Cláudia,0,0
MAIA Eduardo Lopes Cabral,0,0
MAINGUENEAU Dominique,0,0
MAIO Marcos Chor,0,0
MALERBA Jurandir,0,0
MALUF Marina,0,0
MALUF Sônia Weidner,0,0
MANGUENEAU Dominique,0,0
MANN Jonathan,0,0
MANTEGA Guido,0,0
MARANHÃO FILHO Du Meinberg,0,0
MARAÑON Gregório,0,0
MARCELINO Douglas Átila,0,0
MARCILIO Maria Luiza,1,0
MARCOCCI Giuseppe,0,0
MARCONI Marina de Andrade,0,0
MARCONI Paolo,0,0
MARCUSE Herbert,0,0
MARIA Júlio,0,0
MARIANO Ricardo,0,0
MARIANO Silvana Aparecida,0,0
MARIE Michel,0,0
MARINHO Maria Gabriela S M C,0,0
MARMOR Judd,0,0
MAROJA Daniela,0,0
MARQUES Ana Maria,0,0
MARQUES FILHO Adair,0,0
MARQUES Haroldo,0,0
MARQUES José,0,0
MARQUES Maria Cristina da Costa,0,0
MARQUES Rickley Leandro,0,0
MARQUES Rita,0,0
MARQUES Teresa Cristina,0,0
MARQUES Vera Regina Beltrão,1,0
MARQUETTI Délcio,0,0
MARQUEZ Gabriel García,0,0
MÁRQUEZ VALDERRAMA Jorge,0,0
MARROU Henri Irénée,1,0
MARSIAJ Juan P Pereira,0,0
MARSON Melina Izar,0,0
MARTIN Denise,1,0
MARTIN Emily,0,0
MARTIN Maciel,0,0
MARTIN-BARBERO Jesús,0,0
MARTINHO Míriam,0,0
MARTINS Ana Paula Vosne,1,0
MARTINS Anderson Bastons,0,0
MARTINS C,0,0
MARTINS Estevão de Rezende,0,0
MARTINS Larissa Pinto,0,0
MARTINS William de Souza Nunes,0,0
MARX Karl,0,0
MASCARELLO Fernando,0,0
MASCARENHAS João Antônio,0,0
MASSARANI Luisa,0,0
MASTERS William H,0,0
MASTERSON M,0,0
MATA Sérgio,0,0
MATESCO Viviane,0,0
MATHIEU Nicole-Claude,0,0
MATORY J L,0,0
MATOS Maria Izilda Santos de,0,0
MATOS Marlise,0,0
MATOS Olgária C F,0,0
MATOS Sônia Missagia,0,0
MATTEUCCI Nicola,0,0
MATTOS Hebe Maria,0,0
MATTOS Marcelo Badaró,1,0
MATTOS Yllan de,0,0
MATTOSO Glauco,0,0
MATTOSO José,0,0
MAUAD Ana Maria,1,0
MAUSS Marcel,0,0
MAZEL Jacques,0,0
MAZZIEIRO João Batista,0,0
MBEMBE Achille,0,0
MCCLINTOCK Anne,0,0
MCLAREN Margareth A,0,0
MCLUHAN Marshall,0,0
McNEILL John J,0,0
MEAD Margareth,0,0
MEDRADO Benedito,0,0
MEGIANI Ana Paula Torres,0,0
MEIER Christian,0,0
MEIHY José Carlos Sebe B,0,0
MEIJER Irene Costera,0,0
MELEIRO Alessandra,0,0
MELLO Anahí Guedes de,0,0
MELLO Cecilia Antakly,0,0
MELLO e SOUZA Laura de,0,0
MELLO Evaldo Cabral,0,0
MELLO João Manuel Cardoso,1,0
MELLO Luiz,0,0
MELLO Soraia C,0,0
MELO Hildete Pereira,0,0
MELO Iran Ferreira,0,0
MELO José Marques,0,0
MELO Márcio Cristiano,0,0
MELO Marcos Ribeiro de,0,0
MENDES Leonardo,0,0
MENDONÇA José Lourenço D,0,0
MENDONÇA Joseli Maria Nunes,0,0
MENEGON Vera M,0,0
MENESES Jonatas Silva,0,0
MENESES Maria Paula,0,0
MENESES Sônia,0,0
MENESES Ulpiano T Bezerra de,0,0
MENEZES Cynara,0,0
MENEZES Lená Medeiros,0,0
MENEZES Renata,0,0
MERLEAU-PONTY Maurice,0,0
MERQUIOR J G,0,0
MESGRAVIS Laima,0,0
MESKELL Lynn,0,0
MESQUITA Marylucia,0,0
MESSERSCHMIDT James W,0,0
MEYER Dagmar Estermann,0,0
MEYEROWITZ Joanne,0,0
MEYRER Marlise Regina,0,0
MÍCCOLIS Leila,0,0
MICELI Paulo,1,0
MICELI Sérgio,0,0
MICHALSKI Yan,0,0
MICHAUD Yves,0,0
MICHELET Jules,0,0
MICHELS Eduardo,0,0
MIGNOLO Walter,0,0
MIGUEL Luís Felipe,0,0
MILLER James,0,0
MILLER M C,0,0
MILLET Kate,0,0
MILLETT Paul,0,0
MILLS Robert Seeing,0,0
MINAYO M Cecília de Souza,1,0
MINELLA Luzinete Simões,0,0
MINOIS Georges,0,0
MINTZ Sidney W,0,0
MIRA Maria Celeste,0,0
MIRANDA Cybelle Salvador,0,0
MIRANDA Luiz Felipe,0,0
MIRANDA Marcelo,0,0
MIRANDA Olinson Coutinho,0,0
MISKOLCI Richard,0,0
MISKULIM Sílvia Cesar,0,0
MISSE Michel,0,0
MIZOGUCHI Danichi Hausen,0,0
MODESTO Edith,0,0
MOGROVEJO Norma,0,0
MOHANTY Chandra T,0,0
MOIRA Amara,0,0
MOISÉS José Alvaro,0,0
MOISÉS Massaud,0,0
MOLINA Fernanda,0,0
MOMIGLIANO Arnaldo,0,0
MONDAINI Marco,0,0
MONEY John,0,0
MONTEIRO Alex Silva,0,0
MONTEIRO Ana Lúcia,0,0
MONTEIRO Ana Maria,0,0
MONTEIRO Charles,0,0
MONTEIRO Marko,0,0
MONTEIRO Nuno Gonçalo,0,0
MONTEIRO Rodrigo Bendes,0,0
MONTEIRO Simone,1,0
MONTENEGRO Antônio Torres,0,0
MONTER E William,0,0
MONTORO Tânia,0,0
MOORE Henrietta,0,0
MOORE Robert Ian,0,0
MORAES Cláudia,1,0
MORAES Denis de,0,0
MORAES Eliane Robert,0,0
MORAES Everton,0,0
MORAES Maria Lygia Quartim de,0,0
MORAES Pedro de,0,0
MORAGA Cherríe,0,0
MORANDO Luiz,0,0
MOREIRA Adailson,0,0
MOREIRA Antônio Carlos,0,0
MOREIRA Antonio Flavio Barbosa,0,0
MOREIRA António Joaquim,0,0
MOREL Benedict-Augustin,0,0
MOREL Edmar,1,0
MOREL Márcia,0,0
MOREL Marco,0,0
MORENO Antônio,0,0
MORETTIN Eduardo,0,0
MORICONI Ítalo,0,0
MORIN Edgar,0,0
MORIS Vera Lucia,0,0
MORLEY Helena,0,0
MOSCOVICI Serge,1,0
MOSÉ Viviane,0,0
MOSSÉ Claude,1,0
MOSSE George L,0,0
MOST Gleen W,0,0
MOTA André,0,0
MOTA Carlos Guilherme,0,0
MOTA Murilo Peixoto da,0,0
MOTT Luiz,1,0
MOTT Maria Lúcia,0,0
MOTTA Manoel Barros,0,0
MOTTA Marly Silva,0,0
MOTTA Nelson,0,0
MOTTA Rodrigo Patto Sá,1,0
MOTTER Maria Lourdes,0,0
MOUILLAUD Maurice,0,0
MOULIN Anne Marie,0,0
MOURA Fernanda Pereira de,0,0
MOURA Roberto,2,0
MOUTINHO Laura,0,0
MOVELLÁN Tomás A Mantecón,0,0
MUCHAIL Salma Tannus,0,0
MUCHEMBLED Robert,0,0
MUDROVCIC Martin,0,0
MÜLLER Angélica,0,0
MULVEY Laura,0,0
MUNANGA Kabengele,0,0
MUNIZ Diva do Couto Gontijo,0,0
MUNIZ Fernando,0,0
MUNIZ Pollyanna Gouveia Mendonça,0,0
MUÑOZ Miguel Luis López-Guadalupe,0,0
MURARO Rose Marie,0,0
MURGEL Ana Carolina Arruda,0,0
MURICY Katia,0,0
MURRAY Oswyn,1,0
MURTA Daniela,0,0
MUSSKOPF André Sidnei,0,0
NADER Maria Beatriz,0,0
NAGY Gregory,0,0
NAPHY William,0,0
NAPOLITANO Marcos,0,0
NARVAZ Martha Giudice,0,0
NASCIMENTO Abdias,0,0
NASCIMENTO Aires A,0,0
NASCIMENTO Cláudio,0,0
NASCIMENTO Fernanda,0,0
NASCIMENTO Francisco Alcides,0,0
NASCIMENTO Letícia Carolina Pereira do,0,0
NATIVIDADE Marcelo,0,0
NAVARRETE Eduardo,0,0
SWAIN Tânia Navarro,0,0
NAXARA Márcia,0,0
NAZÁRIO Luiz,0,0
NECKEL Jane Felipe,0,0
NECKEL Roselane,0,0
NEDER Gizlene,0,0
NEEDELL Jeffrey,0,0
NEGRO Antonio Luigi,0,0
NELSON David L,0,0
NEPOMUCENO Margaret Almeida,0,0
NERY João W,0,0
NETO Alfredo,0,0
NEVES Guilherme Pereira das,0,0
NEVES Lucilia de Almeida,1,0
NEVES Margarida,0,0
NEVES Siloé Pereira,0,0
NEVES Walter,0,0
NEWMAN Louise Michele,0,0
NEWTON Esther,0,0
NICHIATA Lúcia Yasuko Izumi,0,0
NICHNIG Cláudia Regina,0,0
NICHOLS Bill,0,0
NICHOLSON Linda,0,0
NICOLAZZI Fernando,0,0
NIETZSCHE Friedrich,0,0
NOBLAT Ricardo,0,0
NÓBREGA Elisa Mariana,0,0
NOGUEIRA Conceição,0,0
NOGUEIRA Maria Alice,0,0
NOGUEIRA Sayonara Naider Bonfim,0,0
NOLASCO Sócrates,0,0
NONATO Murillo,0,0
NORA Pierre,2,0
NORONHA José Carvalho de,0,0
NORTON Rictor,0,0
NOVAES Adauto,0,0
NOVAES Joana de Vilhena,0,0
NOVAIS Fernando,0,0
NOVINSKY Anita,0,0
NOVINSKY Ilana,0,0
NÓVOA Jorge,0,0
NUMBERS Ronald,0,0
NUNAN Adriana,0,0
NUNES Sílvia Alexim,0,0
NUNES Viriato Fernandes,0,0
NUSSBAUMER Gisele Marchiori,0,0
OBER Josiah,0,0
OBERTI Alejandra,0,0
O'BRIEN Patrícia,0,0
OCHOA Márcia,0,0
ODA Ana Maria Galdini Raimundo,0,0
O'DONNELL Katherine,1,0
OKITA Hiro,0,0
OLIVA Alfredo dos Santos,0,0
OLIVAL Fernanda,0,0
OLIVEIRA Alcilene Cavalcante,0,0
OLIVEIRA Ana Claudia,0,0
OLIVEIRA Carmen L,0,0
OLIVEIRA Cínthia Roso,0,0
OLIVEIRA Cristiane,0,0
OLIVEIRA Fábio Araújo,0,0
OLIVEIRA Francisco,1,0
OLIVEIRA João Manuel,0,0
OLIVEIRA José Henrique Motta,0,0
OLIVEIRA Júlia Glaciela Silva,0,0
OLIVEIRA L F,0,0
OLIVEIRA Leandro de,0,0
OLIVEIRA Lúcia Lippi,0,0
OLIVEIRA Luciano,0,0
OLIVEIRA Luiz Gustavo Silva de,0,0
OLIVEIRA Marco Aurélio Taborda,0,0
OLIVEIRA Margarida Maria Dias,0,0
OLIVEIRA Maria da Gloria de,0,0
OLIVEIRA Megg Rayara Gomes,0,0
OLIVEIRA Mônica Ribeiro de,0,0
OLIVEIRA Neuza Maria,0,0
OLIVEIRA Pedro Paulo,0,0
OLIVEIRA Rosa Maria Rodrigues,0,0
OLIVEIRA Thiago,0,0
OLTRAMARI Leandro Castro,0,0
ORAISON Marc,0,0
ORLANDI Eni Puccinelli,0,0
ORLANDI Luiz B Lacerda,0,0
ORNAT Marcio José,0,0
ORO Ari Pedro,0,0
ORTEGA Francisco,0,0
ORTIZ Renato,3,0
ORWELL George,0,0
OSBORNE R,0,0
OSTERMANN Ana Cristina,0,0
OTTONI Paulo,0,0
OYEWUMI Oyeronke,0,0
PACHECO Agenor Sarraf,0,0
PACHECO E SILVA Antonio Carlos,0,0
PADRÓS Enrique Serra,0,0
PÁEZ LÓPEZ Jerónimo,0,0
PAGLIA Camille,0,0
PAIVA Antonio Cristian Saraiva,0,0
PAIVA Carlos Henrique Assunção,0,0
PAIVA Eduardo França,0,0
PAIVA José Pedro,0,0
PAIVA Raquel,0,0
PAIVA Valdemir,0,0
PAIVA Vanilda,0,0
PAIVA Vera,0,0
PAIXÃO Claudia F,0,0
PALLARES-BURKE Maria Lúcia Garcia,0,0
PALMA Yáscara Arrial,0,0
PALOMO Federico,0,0
PANDOLFI Dulce,0,0
PANTEL Pauline Schmitt,0,0
PARANHOS Adalberto,0,0
PARÉS Luis Nicolau,0,0
PARKER H N,0,0
PARKER Richard,2,0
PARNET Claire,0,0
PARRINI Rodrigo,0,0
PASCHOAL Marcio,0,0
PASOLINI Pier Paolo,0,0
PASQUINO Gianfranco,0,0
PASSAMANI Guilherme Rodrigues,0,0
PASSARELI Carlos André Facciola,0,0
PASSERINI Luísa,0,0
PASSERON Jean-Claude,0,0
PASSETTI Edson,0,0
PASSOS Eduardo,0,0
PASSOS Izabel C Friche,0,0
PATAI Daphne,0,0
PATEMAN Carole,0,0
PATRÍCIO Maria Cecília,0,0
PATRIOTA Rosangela,0,0
PATSCHIKI Lucas,0,0
PATTO Maria Helena,0,0
PAVIANI Jayme,0,0
PAZ Octávio,0,0
PEARSE Rebecca,0,0
PEÇANHA Natália Batista,0,0
PECHENY Mario,0,0
PÊCHEUX Michel,0,0
PECHMAN Sérgio,0,0
PEDRA Caio Benevides,0,0
PEDRO Joana Maria,0,0
PEDROSA José Stalin,0,0
PEDROSO Rosa Nívea,0,0
PEIXOTO Afrânio,0,0
PEIXOTO JR Carlos Augusto,0,0
PEIXOTO Maria Do Rosário da C,0,0
PELBART Peter Pál,0,0
PELÚCIO Larissa,0,0
PENAFRIA Manuela,0,0
PENNA Fernando de Araujo,0,0
PENTEADO Darcy,0,0
PENTEADO Fernando M,0,0
PERCY William A,0,0
PEREIRA Adriana Jimenez,0,0
PEREIRA Amilcar Araujo,0,0
PEREIRA Ana Gabriela Pio,0,0
PEREIRA Carlos Alberto M,0,0
PEREIRA José Carlos,0,0
PEREIRA Leonardo Affonso,0,0
PEREIRA Mário Eduardo Costa,0,0
PEREIRA Nilton Mullet,0,0
PEREIRA Pedro Paulo Gomes,0,0
PERES Milena,0,0
PERES Wiliam Siqueira,0,0
PÉRET Flávia,0,0
PERET Luiz Eduardo Neves,0,0
PERETTI Clélia,0,0
PERISTIANY J G,1,0
PERLATTO Fernando,0,0
PERLONGHER Néstor,0,0
PERRONE-MOISÉS Beatriz,0,0
PERROT Michelle,0,0
PERRY Marvin,0,0
PERRY Troy,0,0
PESAVENTO Sandra Jatahy,0,0
PESSANHA José Américo Motta,0,0
PESTRE Dominique,0,0
PETER Jean-Pierre,1,0
PETRY Analídia Rodolpho,0,0
PICCHETTI Yara de Paula,0,0
PICCOLO Fernanda Delvalhas,0,0
PICHLER Nadir Antonio,0,0
PICKARD-CAMBDRIGE Arthur Wallace,0,0
PIERONI Geraldo,0,0
PIERRET Janine,1,0
PIERSON Donald,1,0
PIERUCCI Antonio Flávio,0,0
PIMENTA C,0,0
PIMENTA Tania Salgado,0,0
PINAFI Tânia,0,0
PINHEIRO Paulo Sergio,1,0
PINHO Osmundo,0,0
PINSKY Carla Bassanezi,0,0
PINSKY Jaime,0,0
PINTO Agnes Caroline,0,0
PINTO BAILEY Cristina Ferreira,0,0
PINTO Céli Regina Jardim,0,0
PINTO Felipe Martins,0,0
PINTO Pedro,0,0
PIOVEZAN Adriane,0,0
PIRAJÁ Tess Chamusca,0,0
PIRES DE ALMEIDA José Ricardo,0,0
PISANESCHI T C,0,0
PISCITELLI Adriana,0,0
PITANGUY Jacqueline,0,0
PLATÃO,0,0
PLATO,0,0
PLON Michel,0,0
PLUMMER Kenneth,0,0
POCAHY Fernando Altair,0,0
POLISTCHUCK Ilana,0,0
POLITO Ronald,0,0
POLLAK Michael,2,0
POMEROY Sarah B,0,0
POMEROY Wardell,0,0
POMPÉIA Raul,0,0
POMPEU Ana Maria César,0,0
PONTALIS Jean-Bertrand,0,0
PONTES Heloisa André,0,0
POOVEY Mary,0,0
PORCHAT Patrícia,0,0
PORTELA Jacob Augusto Santos,2,0
PORTELLI Alessandro,1,0
PORTER Roy,0,0
PORTINARI Denise,0,0
PÔRTO Ângela,1,0
PORTO Sérgio Dayrell,0,0
PORTOCARRERO Vera,1,0
POWELL Anton,0,0
POZZO Aníbal Orué,0,0
PRADO FILHO Kleber,0,0
PRADO José Luiz Gonzaga do,0,0
PRADO JR Caio,0,0
PRADO Marco Aurélio Máximo,0,0
PRADO Maria Ligia Coelho,0,0
PRANDI Reginaldo,0,0
PRATT Mary Louise,0,0
PRECIADO Paul B,0,0
PRESTAGE Edgar,0,0
PRETES Érika Aparecida,0,0
PRINS Baukje,0,0
PROCHNO Caio César Souza Camargo,0,0
PRODI Paolo,0,0
PROPP Vladimir,0,0
PROSPERI Adriano,0,0
PROST Antoine,0,0
PUAR Jasbir,0,0
PUGA Vera Lúcia,0,0
QUADRAT Samantha,0,0
QUEIROZ Flávio,0,0
QUEIROZ Luiz Gonzaga Morando,0,0
QUEIROZ Nana,0,0
QUIJANO Aníbal,0,0
QUINALHA Renan,0,0
RAAFLAUB Kurt,0,0
RABINOW Paul,0,0
RABINOWITZ Nancy S,0,0
RAGO Margareth,1,0
RAMOS Alcides Freire,0,0
RAMOS Arthur,1,0
RAMOS Fábio Pestana,0,0
RAMOS Fernão Pessoa,0,0
RAMOS José Mário Ortiz,0,0
RAMOS Rui,0,0
RAMOS Sílvia,0,0
RAMOS Tânia Regina Oliveira,0,0
RANCIÈRE Jacques,0,0
RANGER Terence,0,0
RANKE-HEINEMANN Uta,0,0
RANUM Orest,0,0
REA Caterina Alessandra,0,0
REALE Giovanni,1,0
REALE Miguel,0,0
REAU Louis,0,0
RECUERO Raquel,0,0
REICH Wilhelm,0,0
REIDEL Marina,0,0
REIMÃO Sandra,0,0
REIS FILHO Daniel Aarão,0,0
REIS João José,2,0
REIS José Carlos,0,0
REIS José Roberto Franco,0,0
REIS Paulo,0,0
REIS Toni,0,0
RÉMOND René,0,0
RENAUT Alain,0,0
RESADORI Alice Hertzog,0,0
RESENDE Maria,0,0
RESENDE Maria Ifigênia Lage,0,0
RESENDE Maria Leônia Chaves,0,0
RETAMERO Márcio,0,0
REVEL Jacques,1,0
REVEL Judith,0,0
REVENIN Regis,0,0
REYCEND João Baptista,0,0
REZENDE Claudia Barcellos,0,0
REZENDE Maria José,0,0
RHODES Paul J,0,0
RIAL Carmen,0,0
RIBAS Thiago Fortes,0,0
RIBEIRO Benair Alcaraz Fernandes,0,0
RIBEIRO Cláudia,0,0
RIBEIRO Darcy,0,0
RIBEIRO Djamila,0,0
RIBEIRO Gladys Sabina,1,0
RIBEIRO Irineu Ramos,0,0
RIBEIRO JR W A,0,0
RIBEIRO Leonídio,0,0
RIBEIRO Marcos,0,0
RIBEIRO Miguel Ângelo,0,0
RIBEIRO Paula Regina Costa,0,0
RIBEIRO Paulo Rennes Marçal,0,0
RIBEIRO Renato Janine,0,0
RIBEIRO Suzana Lopes Salgado,0,0
RICH Adrienne,0,0
RICH B Ruby,0,0
RICHARD Nelly,0,0
RICHARDS Jeffrey,0,0
RICHARDSON Diane,0,0
RICHLIN Amy,0,0
RICOEUR Paul,0,0
RIDENTI Marcelo,0,0
RILEY Denise,0,0
RIO João do,1,0
RIOS Cassandra,0,0
RIOS Luís Felipe,0,0
RIOS Roger Raupp,0,0
RIOS Venétia Durando Braga,0,0
RIOUX Jean-Pierre,0,0
RISÉRIO Antonio,0,0
RISÉRIO Manoel,0,0
RITO Lúcia,0,0
RIZZINI Irene,0,0
ROBIN Leon,0,0
ROBINSON Paul,0,0
ROBSON J,0,0
ROCHA Agenor Miranda,1,0
ROCHA João Cezar,0,0
ROCHA Rita Martins Godoy,0,0
ROCHA Solange,0,0
ROCHE Daniel,1,0
ROCKE Michael,0,0
RODRIGUES A,0,0
RODRIGUES Aldair Carlos,0,0
RODRIGUES Alexsandro,0,0
RODRIGUES Antônio Medina,0,0
RODRIGUES Carla,0,0
RODRIGUES Claudia,0,0
RODRIGUES Humberto,0,0
RODRIGUES Jorge Caê,0,0
RODRIGUES Jorge Luís Pinto,0,0
RODRIGUES José Carlos,1,0
RODRIGUES José Damião,0,0
RODRIGUES Mara Cristina de Mattos,0,0
RODRIGUES Marly,0,0
RODRIGUES Sérgio,0,0
RODRIGUES Valter,0,0
RODRÍGUEZ MONESCILLO Esperanza,0,0
ROHDEN Fabíola,0,0
ROJAS Carlos Antonio Aguirre,0,0
ROLIM Rivail,0,0
ROLLEMBERG Denise,0,0
ROLNIK Rachel,0,0
ROLNIK Suely,0,0
ROMANO Roberto,0,0
ROMEIRO Adriana,0,0
ROMERO Elaine,0,0
ROMILLY Jacqueline,0,0
RONDELLI Elizabeth,0,0
ROODENBURG Herman,0,0
ROSA A R,0,0
ROSA Eli Bruno Prado Rocha,0,0
ROSA João Guimarães,0,0
ROSA Susel Oliveira,0,0
ROSADO Maria José Fontellas,0,0
ROSANVALLON Pierre,0,0
ROSCOE Will,0,0
ROSE Nikolas,0,0
ROSEMBERG Fúlvia,0,0
ROSEN George,1,0
ROSENBERG Charles Edward,0,0
ROSENFELD Anatol,0,0
ROSENMEYER T G,0,0
ROSENSTONE Robert,0,0
ROSSEAU G S,0,0
ROSSET Clément,0,0
ROSSI Amanda,0,0
ROSSI Clóvis,0,0
ROSSIAUD Jacques,0,0
ROSSINI Miriam de Souza,0,0
ROSZAK Theodore,0,0
ROTELLO Gabriel,0,0
ROUCHOU Joëlle,0,0
ROUDINESCO Elisabeth,0,0
ROUGEMONT Denis de,0,0
ROUGHGARDEN Joan,0,0
ROUILLÉ André,0,0
ROUSSEAU G S,0,0
ROUSSELLE Aline,0,0
ROUSSO Henry,0,0
ROUX Jean-Pierre,0,0
ROVAI Marta,0,0
RUBIN Gayle,0,0
RUIZ Rafael,0,0
RUPP Leila,0,0
RÜSEN Jorn,1,0
RUSSEL-WOOD A J R,0,0
RUSSO Jane,0,0
RUST Leandro Duarte,0,0
RYAN Michael,0,0
SÁ Isabel dos Guimarães,0,0
SABAT Ruth,0,0
SABATINE Thiago Teixeira,0,0
SABINO Cláudia,0,0
SABSAY Letícia,0,0
SACRAMENTO Igor,0,0
SADER Eder,0,0
SAÉZ Javier,0,0
SAFFIOTI Heleieth,0,0
SAHLINS Marshall,0,0
SAID Edward,0,0
SALDARRIAGA Gregorio,0,0
SALIBA Elias Thomé,0,0
SALIH Sara,0,0
SALLES Catherine,0,0
SALLES Ricardo,1,0
SALLUM JR Brasílio,0,0
SALOMON Marlon,0,0
SAMARA Eni de Mesquita,0,0
SAMPAIO Patrícia Melo,0,0
SANTAELLA Lúcia,0,0
SANT'ANNA Denise Bernuzzi de,0,0
SANTHIAGO Ricardo,0,0
SANTIAGO Idalina M F L,0,0
SANTIAGO Silviano,0,0
SANTORO Fernando,0,0
SANTOS Alessandra Daflon,0,0
SANTOS Alexandre,0,0
SANTOS Ana Cristina,0,0
SANTOS Bayard Fischer,0,0
SANTOS Boaventura de Sousa,0,0
SANTOS Cecília Macdowell,0,0
SANTOS Cecília MacDowell,0,0
SANTOS Daniel Barbosa,0,0
SANTOS Daniel Kerry,0,0
SANTOS Elisabeth Moreira,0,0
SANTOS FILHO Lycurgo,1,0
SANTOS Georgina Silva dos,0,0
SANTOS Gustavo,0,0
SANTOS Jéferson Plácido,0,0
SANTOS Joaquim Ferreira,0,0
SANTOS Jocélio Telles dos,0,0
SANTOS Juana Elbein dos,1,0
SANTOS Luís Henrique Sacchi,0,0
SANTOS Milton Silva dos,0,0
SANTOS Myrian Sepúlveda,0,0
SANTOS Ricardo Ventura,0,0
SANTOS Rick,0,0
SANTOS Rogerio Reis,0,0
SANTOS Selene S C,2,0
SARAIVA Antonio José,0,0
SARDENBERG Cecilia M B,0,0
SARIAN Haiganuch,0,0
SARLO Beatriz,0,0
SARMET Érica,0,0
SARTI Cynthia Andersen,0,0
SARTRE Jean-Paul,0,0
SARTRE Maurice,1,0
SAUNDERS Tania,0,0
SAVIANI Dermeval,0,0
SCAVONE Lucila,0,0
SCHEFFER Mário,0,0
SCHERER-WARREN Ilse,0,0
SCHETTINI Cristiana,0,0
SCHIEBINGER Londa,0,0
SCHIFFER Daniel,0,0
SCHIMITT Jean-Claude,0,0
SCHMIDT Benito Bisso,0,0
SCHMIDT Maria Auxiliadora,0,0
SCHMIDT Simone Pereira,0,0
SCHMITT Jean-Claude,0,0
SCHMITT-PANTEL Pauline,0,0
SCHNAPP Alain,0,0
SCHNEIDER David M,0,0
SCHNOOR Eduardo,0,0
SCHOLLHAMMER Karl Erik,0,0
SCHORSKE Carl E,0,0
SCHPUN Mônica Raisa,0,0
SCHÜLER Donaldo,0,0
SCHULTZ Leonardo,0,0
SCHUMAHER Schuma,0,0
SCHUPUN Mônica Raisa,0,0
SCHVARZMAN Sheila,0,0
SCHWARCZ Lilia M,2,0
SCHWARTZ Madalena,0,0
SCHWARTZ Stuart B,0,0
SCLIAR Moacyr,1,0
SCOTSON John L,0,0
SCOTT Ana Silvia,0,0
SCOTT Joan,1,0
SEBRIAN Raphael Nunes Nicolletti,0,0
SEDGWICK Eve K,0,0
SEFFNER Fernando,0,0
SEGAL Charles,0,0
SEGATO Rita Laura,1,0
SEIDMAN Steve,0,0
SEIXAS Jacy,0,0
SEIXAS Netília Silva dos Anjos,0,0
SELIGMANN-SILVA Márcio,0,0
SELL Teresa Adada,0,0
SEMPOL Diego,0,0
SENA Tito,0,0
SENNETT Richard,1,0
SEPULVEDA Denize,0,0
SEPULVEDA José Antônio,0,0
SERGENT Bernard,1,0
SERRÃO Joaquim Veríssimo,0,0
SERRÃO Joel,0,0
SERRES Michel,0,0
SERROY Jean,0,0
SETEMY Adrianna Cristina Lopes,0,0
SETTERINGTON Ken,0,0
SEVCENKO Nicolau,1,0
SEVERO Julio,0,0
SHOHAT Ella,0,0
SHORTER Edward,0,0
SHOWALTER Elaine,1,0
SIBILIA Paula,0,0
SIEPIERSKI Paulo Donizéti,0,0
SIERRA Jamil Cabral,0,0
SIGAL Pete,0,0
SILVA Aguinaldo,0,0
SILVA Alcione Leite,0,0
SILVA Alessandro Soares,0,0
SILVA Alômia Abrantes,0,0
SILVA Andréia Cristina Lopes Frazão,0,0
SILVA Antonio de Moraes,0,0
SILVA Antonio de Padua Dias da,0,0
SILVA Carla Luciana,0,0
SILVA Claudielle Pavão,0,0
SILVA Cristina Luci Câmara,1,0
SILVA Daniel Vital dos Santos,0,0
SILVA Deonísio,0,0
SILVA Edlene Oliveira,0,0
SILVA Edson Santos,0,0
SILVA Elder Luan,0,0
SILVA Ellis Regina Araújo,0,0
SILVA Fábio Ronaldo,0,0
SILVA Francisco Carlos Teixeira,0,0
SILVA Gilvan Ventura,0,0
SILVA Giovani J da,0,0
SILVA Giselda Brito,0,0
SILVA Glaydson José,0,0
SILVA Hélio,0,0
SILVA Jackson Ronie Sá da,0,0
SILVA Janine Gomes,0,0
SILVA José Fábio Barbosa,0,0
SILVA Joseli Maria,0,0
SILVA JR Paulo Melgaço da,0,0
SILVA Juremir Machado,0,0
SILVA Kalina Vanderlei,0,0
SILVA Karen Pereira da,0,0
SILVA Lindinalva Laurindo,0,0
SILVA Luciano Ferreira,0,0
SILVA Maciel Henrique,0,0
SILVA Marcília Gama da,0,0
SILVA Márcio,0,0
SILVA Marco Antônio Nunes,0,0
SILVA Marcos A,1,0
SILVA Maria de Fátima,0,0
SILVA Sergio Gomes,1,0
SILVA Tarcisio,0,0
SILVA Tomaz Tadeu,0,0
SILVA Vagner Gonçalves da,0,0
SILVA Vinícius Rangel Bertho,0,0
SILVEIRA Anny Jackeline Torres,0,0
SILVEIRA Renato da,0,0
SILVÉRIO Valter Roberto,0,0
SILVESTRIN Celsi Brönstrup,0,0
SIMAKAWA Viviane Vergueiro,0,0
SIMILI Ivana Guilherme,0,0
SIMMEL Georg,0,0
SIMÕES Inimá,0,0
SIMÕES JR Almerindo Cardoso,0,0
SIMÕES Júlio Assis,0,0
SIMONETTO Patricio,0,0
SIMPSON Keila,0,0
SINGER June,0,0
SINISGALLI Aldo,0,0
SIQUEIRA Mônica,0,0
SIQUEIRA Paulo de,1,0
SIQUEIRA Sônia,0,0
SIQUEIRA Tatiana Lima,0,0
SIRINELLI Jean-François,0,0
SIRKIS Alfredo,0,0
SKIDMORE Thomas,0,0
SKINNER Marilyn B,0,0
SKLIAR Carlos,0,0
SLENES Robert W,2,0
SMELIK Anneke,0,0
SMITH Bonnie G,0,0
SNODGRASS Mary Ellen,0,0
SOARES Alexandre Sebastião Ferrari,0,0
SOARES Carmen Lúcia,0,0
SOARES Carolline da Silva,0,0
SOARES Gilberta,0,0
SOARES Glaucio Ary Dillon,0,0
SOARES JR Azemar dos santos,0,0
SOARES Lenin Campos,0,0
SOARES Luiz Carlos,1,0
SOARES Marcelo,0,0
SOARES Rosana de Lima,0,0
SODRE Caroline Almeida,0,0
SODRÉ Muniz,1,0
SODRÉ Nelson Werneck,1,0
SOHN Anne-Marie,0,0
SOIHET Rachel,1,0
SOLANO Nelson,0,0
SOLIVA Thiago Barcelos,0,0
SOMMER Luis Henrique,0,0
SOMMERSTEIN Alan H,0,0
SONTAG Susan,2,0
SORGENTINI Hernán,0,0
SORJ Bila,0,0
SOULAGES François,0,0
SOURNIA Jean-Charles,0,0
SOUSA Bernardo Vasconcelos,0,0
SOUSA Fábio Gutemberg Ramos Bezerra,0,0
SOUSA Gabriel Soares de,0,0
SOUSA Luana Neres,0,0
SOUZA André Ricardo,0,0
SOUZA Cecília de Mello,0,0
SOUZA Eloísio Moulin,0,0
SOUZA Emilly Mel Fernandes de,0,0
SOUZA Eneida Maria,0,0
SOUZA Érica R,0,0
SOUZA FILHO Alípio de,0,0
SOUZA Florentina,0,0
SOUZA Grayce Mayre Bonfim,0,0
SOUZA Herbert de,2,0
SOUZA Inara Bezerra Ferreira,0,0
SOUZA Jessé,0,0
SOUZA JR José Alves de,0,0
SOUZA Laura de Mello e,1,0
SOUZA Leonardo Lemos,0,0
SOUZA Luiz Antonio Francisco,0,0
SOUZA Márcio Ferreira,0,0
SOUZA Marcos Alves,0,0
SOUZA NETO Epitacio Nunes de,0,0
SOUZA Patrícia,0,0
SOUZA Pedro de,0,0
SOUZA Sandra Duarte,0,0
SOUZA Vanderlei Sebastião,0,0
SOUZA Wlaumir Doniseti,0,0
SOVIK Liv,0,0
SPARGO Tamsin,0,0
SPENCER Colin,0,0
SPINK Mary Jane,1,0
SPIVAK Gayatri,0,0
STAM Robert,0,0
STARLING Heloisa Murgel,0,0
STEARNS Peter N,0,0
STEHLE Eva,0,0
STEINBERG Shirley,0,0
STEPAN Nancy Leys,0,0
STERN Alexandra,0,0
STEVENS Cristina Maria Teixeira,0,0
STOLLER Robert,0,0
STRATHERN Marylin,0,0
STREY Marlene Neves,0,0
STRYKER Susan,0,0
SULLIVAN Andrew,0,0
SUPLICY Marta,0,0
SUSSEKIND Flora,0,0
SUTHERLAND Juan Pablo,0,0
SUTTON JR Robert F,1,0
SVENBRO Jesper,1,0
SYRKIS Alfredo,0,0
SZWAKO José Eduardo,0,0
SZWARCWALD Célia Landmann,1,0
TALBURT Suzan,0,0
TAMAGNE Florence,0,0
TANNERY Paul,0,0
TAQUES Fernando José,0,0
TAQUETTE Stella,0,0
TARNAS Richard,0,0
TATIT Luiz,0,0
TATSCH Flávia Galli,0,0
TAVARES Célia Cristina,0,0
TAYLOR Timothy,0,0
TAYLOR Verta,0,0
TEDESCHI Losandro Antonio,0,0
TEDESCO João Carlos,0,0
TEDESCO Marina Cavalcanti,0,0
TEICH Mikulas,0,0
TEIXEIRA Faustino,0,0
TEIXEIRA FILHO Fernando Silva,0,0
TEIXEIRA Flávia do Bonsucesso,0,0
TEIXEIRA Luiz Antônio,0,0
TEIXEIRA Paulo Roberto,0,0
TELES Amelinha,0,0
TELES Maria Amélia de Almeida,0,0
TELLES Norma,0,0
TEODORESCU Lindinalva Laurindo,0,0
TEÓFILO Magno Cézar Carvalho,0,0
TERTO JR Veriano,1,0
TERUYA Marisa Tayra,0,0
TÉTART Philippe,0,0
THEIN Karel,0,0
THEML Neyde,1,0
THOMAS Keith,0,0
THOMASSET Claude,0,0
THOMPSON Edward Palmer,2,0
THOMPSON John B,0,0
THOMPSON Paul,0,0
THOMSON Alistair,0,0
THORNTON John K,0,0
THORSTAD David,0,0
THUILLIER Jean-Paul,0,0
THÜRLER Djalma,0,0
TIBURI Márcia,0,0
TILLY Louise A,0,0
TODOROV Tzvetan,1,0
TOLEDO Caio Navarro,0,0
TOLEDO José Luiz Dutra,0,0
TOLEDO Livia Gonçalves,0,0
TOMASI Julia Massucheti,0,0
TONELI Maria Juracy Filgueiras,0,0
TONELLI Bayard,0,0
TONG Rosemarie,0,0
TORNQUIST Carmen Susana,0,0
TORRÃO FILHO Amílcar,0,0
TORRES Ana Raquel Rosas,0,0
TORRES Marco Antonio,0,0
TORRES Nelson Maldonado,0,0
TORRES NETO Walter Lima,0,0
TORTORICI Zeb,0,0
TRABULSI José Antonio Dabdab,0,0
TRÉDÉ Monique,1,0
TREVISAN João Silvério,0,0
TRIGGER Bruce,0,0
TRINDADE Etelvina,0,0
TRINDADE José Ronaldo,0,0
TRINDADE Liana,0,0
TRINDADE Ronaldo,0,0
TRIVINOS A N S,0,0
TRONCA Ítalo,0,0
TRUMBACH Randolph,0,0
TRUONG Nicolas,0,0
TUCÍDIDES,0,0
TURNER Victor,0,0
ULLMANN Reinholdo Aloysio,0,0
UNBEHAUM Sandra,0,0
UZIEL Ana Paula,0,0
VAINFAS Ronaldo,2,0
VAITSMAN Jani,1,0
VALDÉS Teresa,0,0
VALE Alexandre Fleming Câmara,0,0
VALE Teresa Leonor M D,0,0
VALENCIA Maria Fernanda Vásquez,0,0
VALENTE Waldemar,1,0
VALIM Alexandre Busko,0,0
VALLE Carlos Guilherme,0,0
VALLINOTO Tereza Cristina,1,0
VANCE Carole S,0,0
VANOYE Francis,0,0
VARIKAS Eleni,1,0
VASCONCELOS Talita Rafaela Araújo,0,0
VAUCHEZ André,0,0
VAZ Alexandre Fernandez,0,0
VAZ Denise Pires,0,0
VAZ Paulo,0,0
VECCHIATTI Paulo Roberto Iotti,0,0
VECCHIO Silvana,0,0
VEIGA Ana Maria,0,0
VEIGA Cynthia Greive,0,0
VEIGA-NETO Alfredo,0,0
VELHO Gilberto,2,0
VELLOSO Mônica Pimenta,0,0
VELOSO Caetano,0,0
VENANCIO Ana Teresa,0,0
VENCATO Anna Paula,0,0
VENEZIANO Neyde,0,0
VENTURA Rodrigo Cardoso,0,0
VENTURA Zuenir,0,0
VENTURELLI Paulo César,0,0
VENTURI G,0,0
VERDI M,0,0
VERGER Pierre,1,0
VERNANT Jean-Pierre,1,0
VERNE Jules,0,0
VERSTRAETE Beert C,0,0
VESENTINI Carlos Alberto,0,0
VEYNE Paul,2,0
VIANA FILHO Luis,1,0
VIANA JR Mário Martins,0,0
VIANNA Adriana R B,0,0
VIANNA Cláudia Pereira,0,0
VIANNA Túlio,0,0
VICINUS Martha,0,0
VICTORA Ceres,0,0
VIDAL M,0,0
VIDAL-NAQUET Pierre,0,0
VIDARTE Paco,0,0
VIDE Sebastião Monteiro da,0,0
VIEIRA Ana Lívia Bomfim,0,0
VIEIRA Antônio,0,0
VIEIRA Helena,0,0
VIEIRA João Luiz,0,0
VIEIRA Luciana Leila Fontes,0,0
VIEIRA Maria Alice,0,0
VIEIRA Nayara da Silva,0,0
VIEIRA Pedro de Castro Amaral,0,0
VIEIRA Priscila Piazentini,0,0
VIEIRA Tereza Rodrigues,0,0
VIGARELLO Georges,0,0
VIGOYA Mara Viveros,0,0
VILA Simone Nunes,0,0
VILLA Marco Antônio,1,0
VILLAÇA Mariana Martins,0,0
VILLAÇA Nízia,0,0
VILLALTA Luiz Carlos,0,0
VILLELA Wilza Vieira,0,0
VIMIEIRO-GOMES Ana Carolina,0,0
VINCENT-BUFFAULT Anne,0,0
VISCARDI Cláudia Maria Ribeiro,0,0
VITAL BRAZIL Erico,1,0
VITAL Christina,0,0
VIVEIROS DE CASTRO Eduardo,0,0
VIVEIROS DE CASTRO Francisco José,0,0
VOGT Carlos,0,0
VOJNIAK Fernando,0,0
VOLDMAN Danièle,0,0
VOLTAIRE François Marie Arouet,0,0
VRISSIMTZIS Nikos A,0,0
WACQUANT Loïc,0,0
WAGNER P,0,0
WAIZBORT Leopoldo,0,0
WALKOWITZ Judith R,0,0
WALLACE Robert,0,0
WALLERSTEIN Immanuel,0,0
WALTERS J,0,0
WALTON J Michael,0,0
WARBURG Aby,0,0
WARE Vron,0,0
WARNER Michael,0,0
WASILEWSKI Luís Francisco,0,0
WEBER Beatriz Teixeira,1,0
WEBER Max,0,0
WEEKS Jeffrey,0,0
WEHLING Arno,0,0
WEHLING Maria José,0,0
WEILER Luis Gustavo,0,0
WEIS Luiz,0,0
WELZER-LANG Daniel,0,0
WERNECK Jurema,0,0
WESTON Kath,0,0
WHITAKER Edmur de Aguiar,0,0
WHITE Hayden,0,0
WHITESIDE Alan,0,0
WHITMARSH Tim,0,0
WHITTLE Stephen,0,0
WIDHOLZER Nara R,0,0
WILDE Oscar,0,0
WILLIAMS Bernard,0,0
WILLIAMS Craig Arthur,0,0
WILLIAMS Raymond,0,0
WILSON Nancy,0,0
WINKLER John J,1,0
WINSKI Norman,0,0
WISNIK José Miguel,0,0
WITTIG Monique,0,0
WOITOWICZ Karina Janz,0,0
WOLFF Charlotte,0,0
WOLFF Cristina Scheibe,0,0
WOLLEN Peter,0,0
WOLLHEIM Richard,0,0
WOLTON Dominique,0,0
WONDER Cláudia,0,0
WOODWARD Kathryn,0,0
WOOLF Virginia,0,0
WYLLYS Jean,0,0
XAVIER FILHA Constantina,0,0
XAVIER Ismail,0,0
XAVIER Regina,0,0
XENOFONTE,0,0
YATROMANOLAKIS Dimitrios,0,0
YOUNG Iris Marion,0,0
ZAMBRANO Elizabeth,0,0
ZANATTA Elaine Marques,0,0
ZANDONÁ Jair,0,0
ZANOLI Vinícius,0,0
ZEITLIN Froma I,0,0
ZILBERMAN Regina,0,0
ZIMMERMANN Bénédicte,0,0
ZIZEK Slavoj,0,0
